"mcp_tool_name","family","review_lane","special_case","selection_state","installed_acceptance","source_head"
"helix_brokerage_live_acceptance_readiness","brokerage","specialist_unqualified","","unselected","not_run","256554ca2637b2978a83616d9f9670069fdfd8c4"
"helix_brokerage_paper_observer_process","brokerage","specialist_unqualified","","unselected","not_run","256554ca2637b2978a83616d9f9670069fdfd8c4"
"helix_brokerage_resident_observer_bootstrap","brokerage","specialist_unqualified","","unselected","not_run","256554ca2637b2978a83616d9f9670069fdfd8c4"
"helix_brokerage_robinhood_read","brokerage","specialist_unqualified","","unselected","not_run","256554ca2637b2978a83616d9f9670069fdfd8c4"
"helix_brokerage_robinhood_read_acceptance","brokerage","specialist_unqualified","","unselected","not_run","256554ca2637b2978a83616d9f9670069fdfd8c4"
"helix_brokerage_robinhood_room_bind","brokerage","specialist_unqualified","","unselected","not_run","256554ca2637b2978a83616d9f9670069fdfd8c4"
"helix_client_authorization_status","client","personal_candidate","","unselected","not_run","256554ca2637b2978a83616d9f9670069fdfd8c4"
"helix_desktop_tunnel_transition_execute","desktop","specialist_unqualified","","unselected","not_run","256554ca2637b2978a83616d9f9670069fdfd8c4"
"helix_desktop_tunnel_transition_inspect","desktop","specialist_unqualified","","unselected","not_run","256554ca2637b2978a83616d9f9670069fdfd8c4"
"helix_desktop_tunnel_transition_request","desktop","specialist_unqualified","","unselected","not_run","256554ca2637b2978a83616d9f9670069fdfd8c4"
"helix_environment_action_authority_configure","environment","personal_candidate","","unselected","not_run","256554ca2637b2978a83616d9f9670069fdfd8c4"
"helix_environment_action_authority_extend","environment","personal_candidate","","unselected","not_run","256554ca2637b2978a83616d9f9670069fdfd8c4"
"helix_environment_action_authority_inspect","environment","safety_or_status","","unselected","not_run","256554ca2637b2978a83616d9f9670069fdfd8c4"
"helix_environment_action_authority_revoke","environment","safety_or_status","stop_after_expiry","unselected","not_run","256554ca2637b2978a83616d9f9670069fdfd8c4"
"helix_environment_command_authority_configure","environment","specialist_unqualified","","unselected","not_run","256554ca2637b2978a83616d9f9670069fdfd8c4"
"helix_environment_device_check","environment","safety_or_status","","unselected","not_run","256554ca2637b2978a83616d9f9670069fdfd8c4"
"helix_environment_goal_append","environment","specialist_unqualified","","unselected","not_run","256554ca2637b2978a83616d9f9670069fdfd8c4"
"helix_environment_goal_checkpoint_hash","environment","specialist_unqualified","","unselected","not_run","256554ca2637b2978a83616d9f9670069fdfd8c4"
"helix_environment_goal_create","environment","specialist_unqualified","","unselected","not_run","256554ca2637b2978a83616d9f9670069fdfd8c4"
"helix_environment_goal_inspect","environment","specialist_unqualified","","unselected","not_run","256554ca2637b2978a83616d9f9670069fdfd8c4"
"helix_environment_monitor_acknowledge","environment","specialist_unqualified","monitor_recovery_policy_if_supported","unselected","not_run","256554ca2637b2978a83616d9f9670069fdfd8c4"
"helix_environment_monitor_create","environment","specialist_unqualified","","unselected","not_run","256554ca2637b2978a83616d9f9670069fdfd8c4"
"helix_environment_monitor_inspect","environment","specialist_unqualified","monitor_safety_exception_if_supported","unselected","not_run","256554ca2637b2978a83616d9f9670069fdfd8c4"
"helix_environment_monitor_read","environment","specialist_unqualified","monitor_safety_exception_if_supported","unselected","not_run","256554ca2637b2978a83616d9f9670069fdfd8c4"
"helix_environment_monitor_revoke","environment","specialist_unqualified","monitor_safety_exception_if_supported","unselected","not_run","256554ca2637b2978a83616d9f9670069fdfd8c4"
"helix_environment_monitor_snapshot_record","environment","specialist_unqualified","monitor_recovery_policy_if_supported","unselected","not_run","256554ca2637b2978a83616d9f9670069fdfd8c4"
"helix_environment_player_pair_local","environment","personal_candidate","","unselected","not_run","256554ca2637b2978a83616d9f9670069fdfd8c4"
"helix_environment_reasoning_role_arbitrate","environment","specialist_unqualified","","unselected","not_run","256554ca2637b2978a83616d9f9670069fdfd8c4"
"helix_environment_reasoning_role_disposition","environment","specialist_unqualified","","unselected","not_run","256554ca2637b2978a83616d9f9670069fdfd8c4"
"helix_environment_reasoning_role_inspect","environment","specialist_unqualified","","unselected","not_run","256554ca2637b2978a83616d9f9670069fdfd8c4"
"helix_environment_reasoning_role_record","environment","specialist_unqualified","","unselected","not_run","256554ca2637b2978a83616d9f9670069fdfd8c4"
"helix_environment_semantic_wake_read","environment","specialist_unqualified","","unselected","not_run","256554ca2637b2978a83616d9f9670069fdfd8c4"
"helix_environment_server_pair_local","environment","specialist_unqualified","","unselected","not_run","256554ca2637b2978a83616d9f9670069fdfd8c4"
"helix_environment_session_ready_up","environment","specialist_unqualified","","unselected","not_run","256554ca2637b2978a83616d9f9670069fdfd8c4"
"helix_environment_source_pair_local","environment","personal_candidate","","unselected","not_run","256554ca2637b2978a83616d9f9670069fdfd8c4"
"helix_environment_subject_list","environment","personal_candidate","","unselected","not_run","256554ca2637b2978a83616d9f9670069fdfd8c4"
"helix_environment_subject_select","environment","personal_candidate","","unselected","not_run","256554ca2637b2978a83616d9f9670069fdfd8c4"
"helix_environment_temporal_frontier_publish","environment","specialist_unqualified","","unselected","not_run","256554ca2637b2978a83616d9f9670069fdfd8c4"
"helix_environment_temporal_plan_submit","environment","specialist_unqualified","","unselected","not_run","256554ca2637b2978a83616d9f9670069fdfd8c4"
"helix_environment_temporal_plan_submit_direct","environment","specialist_unqualified","direct_mcp_nav_qualification_only","unselected","not_run","cc5a7a4c1ac956606aea756f59e6fcb0324a9f93"
"helix_evidence_observation_get","evidence","safety_or_status","","unselected","not_run","256554ca2637b2978a83616d9f9670069fdfd8c4"
"helix_local_supervisor_coordination_read","local","personal_candidate","","unselected","not_run","256554ca2637b2978a83616d9f9670069fdfd8c4"
"helix_local_supervisor_presence_disconnect","local","safety_or_status","","unselected","not_run","256554ca2637b2978a83616d9f9670069fdfd8c4"
"helix_local_supervisor_presence_update","local","personal_candidate","","unselected","not_run","256554ca2637b2978a83616d9f9670069fdfd8c4"
"helix_local_supervisor_relay_acknowledge","local","personal_candidate","","unselected","not_run","256554ca2637b2978a83616d9f9670069fdfd8c4"
"helix_local_supervisor_relay_publish","local","personal_candidate","","unselected","not_run","256554ca2637b2978a83616d9f9670069fdfd8c4"
"helix_minecraft_actor_status","minecraft","personal_candidate","","unselected","not_run","256554ca2637b2978a83616d9f9670069fdfd8c4"
"helix_minecraft_companion_custody_evidence_read","minecraft","specialist_unqualified","conditional_private_evidence","unselected","not_run","256554ca2637b2978a83616d9f9670069fdfd8c4"
"helix_minecraft_companion_follow_evidence_read","minecraft","specialist_unqualified","conditional_private_evidence","unselected","not_run","256554ca2637b2978a83616d9f9670069fdfd8c4"
"helix_minecraft_companion_mining_evidence_read","minecraft","specialist_unqualified","conditional_private_evidence","unselected","not_run","256554ca2637b2978a83616d9f9670069fdfd8c4"
"helix_minecraft_companion_presence_evidence_read","minecraft","specialist_unqualified","conditional_private_evidence","unselected","not_run","256554ca2637b2978a83616d9f9670069fdfd8c4"
"helix_minecraft_companion_room_custody_evidence_read","minecraft","specialist_unqualified","conditional_private_evidence","unselected","not_run","256554ca2637b2978a83616d9f9670069fdfd8c4"
"helix_minecraft_companion_room_follow_evidence_read","minecraft","specialist_unqualified","conditional_private_evidence","unselected","not_run","256554ca2637b2978a83616d9f9670069fdfd8c4"
"helix_minecraft_companion_room_mining_evidence_read","minecraft","specialist_unqualified","conditional_private_evidence","unselected","not_run","256554ca2637b2978a83616d9f9670069fdfd8c4"
"helix_minecraft_companion_room_presence_evidence_read","minecraft","specialist_unqualified","conditional_private_evidence","unselected","not_run","256554ca2637b2978a83616d9f9670069fdfd8c4"
"helix_minecraft_local_lifecycle_launch","minecraft","personal_candidate","current_developer_gate","unselected","not_run","256554ca2637b2978a83616d9f9670069fdfd8c4"
"helix_minecraft_player_action","minecraft","personal_candidate","","unselected","not_run","256554ca2637b2978a83616d9f9670069fdfd8c4"
"helix_minecraft_situation_probe","minecraft","personal_candidate","no_shadow_equivalent","unselected","not_run","256554ca2637b2978a83616d9f9670069fdfd8c4"
"helix_minecraft_workflow_control","minecraft","safety_or_status","split_resume_from_cancel_and_stop","unselected","not_run","256554ca2637b2978a83616d9f9670069fdfd8c4"
"helix_minecraft_workflow_status","minecraft","safety_or_status","","unselected","not_run","256554ca2637b2978a83616d9f9670069fdfd8c4"
"helix_public_ui_catalog","public","personal_candidate","","unselected","not_run","256554ca2637b2978a83616d9f9670069fdfd8c4"
"helix_realtime_texture_pack_control","realtime","specialist_unqualified","","unselected","not_run","256554ca2637b2978a83616d9f9670069fdfd8c4"
"helix_realtime_texture_pack_inspect","realtime","specialist_unqualified","","unselected","not_run","256554ca2637b2978a83616d9f9670069fdfd8c4"
"helix_realtime_texture_pack_visual_direction_control","realtime","specialist_unqualified","","unselected","not_run","256554ca2637b2978a83616d9f9670069fdfd8c4"
"helix_reasoning_destination_register","reasoning","personal_candidate","","unselected","not_run","256554ca2637b2978a83616d9f9670069fdfd8c4"
"helix_reasoning_pairing_accept","reasoning","personal_candidate","","unselected","not_run","256554ca2637b2978a83616d9f9670069fdfd8c4"
"helix_reasoning_pairing_recover","reasoning","personal_candidate","","unselected","not_run","256554ca2637b2978a83616d9f9670069fdfd8c4"
"helix_reasoning_prompt_submit","reasoning","bridge_or_solver_unresolved","existing_task_bridge_unproven","unselected","not_run","256554ca2637b2978a83616d9f9670069fdfd8c4"
"helix_reasoning_steering_acknowledge","reasoning","bridge_or_solver_unresolved","existing_task_bridge_unproven","unselected","not_run","256554ca2637b2978a83616d9f9670069fdfd8c4"
"helix_reasoning_steering_read","reasoning","bridge_or_solver_unresolved","existing_task_bridge_unproven","unselected","not_run","256554ca2637b2978a83616d9f9670069fdfd8c4"
"helix_reasoning_task_binding_claim","reasoning","personal_candidate","","unselected","not_run","256554ca2637b2978a83616d9f9670069fdfd8c4"
"helix_room_bind_run","room","hosted_context_candidate","","unselected","not_run","256554ca2637b2978a83616d9f9670069fdfd8c4"
"helix_room_claim_chat_binding","room","hosted_context_candidate","","unselected","not_run","256554ca2637b2978a83616d9f9670069fdfd8c4"
"helix_room_command_request","room","unavailable_placeholder","current_501_disabled","unselected","not_run","256554ca2637b2978a83616d9f9670069fdfd8c4"
"helix_room_consent_grant","room","hosted_context_candidate","","unselected","not_run","256554ca2637b2978a83616d9f9670069fdfd8c4"
"helix_room_consent_revoke","room","safety_or_status","safety_after_expiry","unselected","not_run","256554ca2637b2978a83616d9f9670069fdfd8c4"
"helix_room_create","room","hosted_context_candidate","personal_context_split_review","unselected","not_run","256554ca2637b2978a83616d9f9670069fdfd8c4"
"helix_room_floor_acquire","room","hosted_context_candidate","","unselected","not_run","256554ca2637b2978a83616d9f9670069fdfd8c4"
"helix_room_floor_inspect","room","hosted_context_candidate","","unselected","not_run","256554ca2637b2978a83616d9f9670069fdfd8c4"
"helix_room_floor_release","room","safety_or_status","safety_after_expiry","unselected","not_run","256554ca2637b2978a83616d9f9670069fdfd8c4"
"helix_room_inspect","room","hosted_context_candidate","personal_context_split_review","unselected","not_run","256554ca2637b2978a83616d9f9670069fdfd8c4"
"helix_room_list","room","hosted_context_candidate","personal_context_split_review","unselected","not_run","256554ca2637b2978a83616d9f9670069fdfd8c4"
"helix_room_presence_set","room","hosted_context_candidate","current_minecraft_action_scopes","unselected","not_run","256554ca2637b2978a83616d9f9670069fdfd8c4"
"helix_room_source_create","room","hosted_context_candidate","current_external_oauth_source_ingress_denied","unselected","not_run","256554ca2637b2978a83616d9f9670069fdfd8c4"
"helix_room_source_list","room","hosted_context_candidate","current_external_oauth_source_ingress_denied","unselected","not_run","256554ca2637b2978a83616d9f9670069fdfd8c4"
"helix_room_unbind_chat","room","safety_or_status","safety_after_expiry","unselected","not_run","256554ca2637b2978a83616d9f9670069fdfd8c4"
"helix_room_unbind_run","room","safety_or_status","safety_after_expiry","unselected","not_run","256554ca2637b2978a83616d9f9670069fdfd8c4"
"helix_run_cancel","run","safety_or_status","owner_scope_after_expiry","unselected","not_run","256554ca2637b2978a83616d9f9670069fdfd8c4"
"helix_run_continue","run","bridge_or_solver_unresolved","solver_provider_cost_unresolved","unselected","not_run","256554ca2637b2978a83616d9f9670069fdfd8c4"
"helix_run_evidence_reenter","run","personal_candidate","","unselected","not_run","256554ca2637b2978a83616d9f9670069fdfd8c4"
"helix_run_fetch_evidence","run","safety_or_status","owner_scope_after_expiry","unselected","not_run","256554ca2637b2978a83616d9f9670069fdfd8c4"
"helix_run_inspect","run","safety_or_status","owner_scope_after_expiry","unselected","not_run","256554ca2637b2978a83616d9f9670069fdfd8c4"
"helix_run_list_events","run","safety_or_status","owner_scope_after_expiry","unselected","not_run","256554ca2637b2978a83616d9f9670069fdfd8c4"
"helix_run_start","run","personal_candidate","","unselected","not_run","256554ca2637b2978a83616d9f9670069fdfd8c4"
"helix_surface_blank","surface","specialist_unqualified","","unselected","not_run","256554ca2637b2978a83616d9f9670069fdfd8c4"
"helix_surface_configure","surface","specialist_unqualified","","unselected","not_run","256554ca2637b2978a83616d9f9670069fdfd8c4"
"helix_surface_inspect","surface","specialist_unqualified","","unselected","not_run","256554ca2637b2978a83616d9f9670069fdfd8c4"
"helix_surface_list","surface","specialist_unqualified","","unselected","not_run","256554ca2637b2978a83616d9f9670069fdfd8c4"
"helix_surface_prepare_panel_route","surface","specialist_unqualified","","unselected","not_run","256554ca2637b2978a83616d9f9670069fdfd8c4"
"helix_surface_release","surface","specialist_unqualified","","unselected","not_run","256554ca2637b2978a83616d9f9670069fdfd8c4"
"helix_visual_sequence_get_contact_sheet","visual","specialist_unqualified","","unselected","not_run","256554ca2637b2978a83616d9f9670069fdfd8c4"
"helix_visual_sequence_get_frames","visual","specialist_unqualified","","unselected","not_run","256554ca2637b2978a83616d9f9670069fdfd8c4"
"helix_visual_sequence_inspect_manifest","visual","specialist_unqualified","","unselected","not_run","256554ca2637b2978a83616d9f9670069fdfd8c4"
"helix_visual_sequence_list","visual","specialist_unqualified","","unselected","not_run","256554ca2637b2978a83616d9f9670069fdfd8c4"
"helix_workstation_human_control_present","workstation","personal_candidate","","unselected","not_run","256554ca2637b2978a83616d9f9670069fdfd8c4"
