photon_energy_keV,raw_photons_per_tonne_year_keV_R100nm,raw_photons_per_tonne_year_keV_R049nm,raw_photons_per_tonne_year_keV_colored_Ec10keV,atomic_shape_over_high_energy_R100nm
1.0,1.3962345815759654e-07,1.4636974019905225,1.3824104768078866e-07,0.009493555627900397
1.25,1.7305789871370397e-07,1.6862183156180577,1.7039546950272392e-07,0.014708620689222568
1.5,2.0553504004514162e-07,1.92014118758324,2.0101226410282798e-07,0.020962720325428976
1.75,2.368863652852487e-07,2.1557323962521613,2.2984729196870704e-07,0.02818698485915921
2.0,2.6695543807260637e-07,2.387520875859951,2.5668792122366e-07,0.036302729282814576
2.25,2.955995275553096e-07,2.6119999157799567,2.8135588583491696e-07,0.04522272861437598
2.5,3.2269106982510395e-07,2.8267146751591126,3.0370924218833313e-07,0.05485263118453708
2.75,3.481189448679847e-07,3.0298525438583708,3.236434118470514e-07,0.06509248648156751
3.0,3.717895519444486e-07,3.2200419752963185,3.410913320591272e-07,0.07583836211690514
3.25,3.9362766921012386e-07,3.3962465065909586,3.560227646897672e-07,0.0869840227911749
3.5,4.1357708616509566e-07,3.557705371017178,3.684428384544282e-07,0.09842264287176909
3.75,4.3160100037661684e-07,3.7038979983518896,3.7838991813840376e-07,0.1100485233695831
4.0,4.4768217289833915e-07,3.834521040348122,3.85932907670982e-07,0.12175878374914666
4.25,4.618228399041511e-07,3.949471910076495,3.9116810155989505e-07,0.1334549991423661
4.5,4.740443812418949e-07,4.048835513397336,3.942157016564615e-07,0.14504475417377524
4.75,4.843867498575947e-07,4.132872279525597,3.95216114111245e-07,0.1564430857492594
5.0,4.929076693046289e-07,4.202006395834754,3.9432613544370314e-07,0.16757378880705048
5.25,4.99681609790409e-07,4.256813619650228,3.9171512771418633e-07,0.17837056116677588
5.5,5.047985563781882e-07,4.298008326564539,3.875612716915073e-07,0.1887779662173962
5.75,5.083625860041731e-07,4.326429638690808,3.820479744512339e-07,0.19875219522623028
6.0,5.104902728391552e-07,4.343026599268052,3.75360494734673e-07,0.20826161448731711
6.25,5.113089441683482e-07,4.348842445476569,3.6768283625589086e-07,0.21728708630690127
6.5,5.109548113326309e-07,4.344998092505776,3.591949464552766e-07,0.22582205688641635
6.75,5.095710023206439e-07,4.3326749865615,3.500702463344913e-07,0.23387240844006663
7.0,5.073055242790561e-07,4.313097517163485,3.4047350622755444e-07,0.24145607729854474
7.25,5.043091854770655e-07,4.287515202490998,3.3055907282396754e-07,0.24860244421987923
7.5,5.00733507085806e-07,4.257184877334361,3.2046944453491587e-07,0.2553515075654634
7.75,4.96728655485384e-07,4.223353122421003,3.103341853871981e-07,0.261752854313523
8.0,4.924414256712781e-07,4.187239177159458,3.002691619946818e-07,0.267864447982146
8.25,4.880133056858358e-07,4.150018575635816,2.9037608371042667e-07,0.2737512563290124
8.5,4.835786508471544e-07,4.112807738358069,2.8074232269791255e-07,0.27948374509787194
8.75,4.792629948940975e-07,4.076649740094684,2.714409882586039e-07,0.2851362670107306
9.0,4.751815230302624e-07,4.042501457522193,2.625312281935151e-07,0.29078537758545775
9.25,4.714377292592602e-07,4.01122227964363,2.5405872913937904e-07,0.2965081111266368
9.5,4.6812227739673476e-07,3.9835645394742105,2.460563875935531e-07,0.3023802513402617
9.75,4.6531208176874694e-07,3.9601657977766602,2.385451236238369e-07,0.3084746314211141
10.0,4.6306961991805525e-07,3.9415430791870807,2.3153480995902763e-07,0.31485949813108577
10.25,4.614424857039009e-07,3.928089128476958,2.2502529019391693e-07,0.32159697331919856
10.5,4.604631870684456e-07,3.9200707205694973,2.190074611502714e-07,0.32874164453837473
10.75,4.60149188530549e-07,3.9176290229274193,2.1346439595502418e-07,0.3363393139160758
11.0,4.605031942354705e-07,3.920781973739789,2.0837248607939843e-07,0.3444259312788438
11.25,4.615136632197051e-07,3.929428604655366,2.0370258238662845e-07,0.3530267337742291
11.5,4.6315554452605146e-07,3.9433552033357735,1.994211171263946e-07,0.3621556099527636
11.75,4.6539121600606325e-07,3.962243179513733,1.9549119076127625e-07,0.37181470155686946
12.0,4.681716071525615e-07,3.9856784691881635,1.918736094887547e-07,0.38199425121440206
12.25,4.7143748318578727e-07,4.013162285671119,1.8852786130898764e-07,0.3926726989633869
12.5,4.7512086493781957e-07,4.044123003962342,1.8541302046353935e-07,0.40381702516028206
12.75,4.791465568970771e-07,4.077928946832951,1.8248857201507342e-07,0.4153833319701455
13.0,4.834337541338856e-07,4.113901827431925,1.7971515023564518e-07,0.4273176504282552
13.25,4.878976977636848e-07,4.151330594473951,1.7705518630571463e-07,0.43955695512219267
13.5,4.924513481386741e-07,4.189485422308053,1.744734625823469e-07,0.4520303639895074
13.75,4.970070451007322e-07,4.227631589478667,1.7193757235917225e-07,0.46466049666920145
14.0,5.01478125374328e-07,4.265042995738622,1.6941828559943515e-07,0.47736496138491585
14.25,5.057804685105061e-07,4.301015078710689,1.668898225648195e-07,0.49005793755972055
14.5,5.098339446816806e-07,4.334876907266794,1.6433003857588417e-07,0.5026518193367014
14.75,5.135637400293002e-07,4.366002248844495,1.617205243154655e-07,0.5150588839579477
15.0,5.169015381285369e-07,4.39381943189791,1.5904662711647288e-07,0.5271929485693897
15.25,5.197865393919576e-07,4.417819851948831,1.5629739955405603e-07,0.5389709794819632
15.5,5.221663038149192e-07,4.437564999656132,1.5346548238498728e-07,0.5503146192213954
15.75,5.239974062895799e-07,4.452691921292311,1.5054692944214904e-07,0.5611515988091591
16.0,5.252458976972243e-07,4.462917055298492,1.475409824992203e-07,0.5714170055850352
16.25,5.258875690423058e-07,4.468038422451151,1.444498043721355e-07,0.5810543804372756
16.5,5.25908019927534e-07,4.467936180875326,1.4127817862391779e-07,0.590016622462121
16.75,5.253025365998645e-07,4.46257158995027,1.380331841944134e-07,0.5982666837275953
17.0,5.240757885380575e-07,4.451984458371002,1.347238530946163e-07,0.6057780418516945
17.25,5.22241356024364e-07,4.436289180593652,1.3136081899685307e-07,0.6125349433971538
17.5,5.198211042737539e-07,4.415669492003089,1.2795596412892407e-07,0.6185324165024089
17.75,5.168444224205024e-07,4.390372095870202,1.2452207135563978e-07,0.6237760565766384
18.0,5.133473479305961e-07,4.3606993340699365,1.210724877194802e-07,0.628281594151905
18.25,5.093715987773514e-07,4.327001088261027,1.1762080502868556e-07,0.632074258977527
18.5,5.049635369570595e-07,4.289666108536993,1.1418056234190152e-07,0.6351879590384835
18.75,5.001730876143782e-07,4.249112972304658,1.107649744197931e-07,0.6376642972691954
19.0,4.95052638189566e-07,4.205780877298891,1.0738668941205337e-07,0.6395514522183462
19.25,4.896559416003971e-07,4.160120469275734,1.0405757823889431e-07,0.6409029517175815
19.5,4.840370465521664e-07,4.112584897220416,1.0078855732476136e-07,0.6417763706533224
19.75,4.782492766627943e-07,4.063621277139689,9.758944556312599e-08,0.6422319851927275
20.0,4.723442782407271e-07,4.013662730047783,9.446885564814543e-08,0.6423314162491728
20.25,4.6637115431468266e-07,3.963121141049155,9.143411921375962e-08,0.6421362945879507
20.5,4.60375699947943e-07,3.9123807649840043,8.849124458393907e-08,0.6417069787889902
20.75,4.543997510439224e-07,3.8617927805019066,8.564490536815595e-08,0.6411013553405596
21.0,4.4848065583679713e-07,3.8116708692713877,8.289845764081278e-08,0.6403737474957891
21.25,4.426508751364866e-07,3.7622878709476355,8.025398302757831e-08,0.63957395625959
21.5,4.36937714237464e-07,3.713873538142934,7.771235468874414e-08,0.6387464530796646
21.75,4.313631862809119e-07,3.6666133896013946,7.527332294137409e-08,0.63792973959694
22.0,4.2594400385190675e-07,3.620648634674118,7.293561709792924e-08,0.6371558852828137
22.25,4.2069169276525963e-07,3.5760771185868974,7.06970600172687e-08,0.6364502490744781
22.5,4.1561281940684343e-07,3.532955216402776,6.855469186092263e-08,0.6358313863399047
22.75,4.1070932070561246e-07,3.4913005844555256,6.650489961835643e-08,0.635311137785237
23.0,4.0597892386030404e-07,3.451095661744774,6.454354910338697e-08,0.6348948923802638
23.25,4.014156413696108e-07,3.4122918006357015,6.266611632270244e-08,0.6345820121364882
23.5,3.970103257408349e-07,3.374813896408039,6.086781536846836e-08,0.6343664027315931
23.75,3.927512674944899e-07,3.3385653788738203,5.914372028152318e-08,0.6342372106259571
24.0,3.8862481974515474e-07,3.3034334264657,5.7488878660525855e-08,0.634179624538857
24.25,3.846160327158252e-07,3.2692942638352878,5.589841514627307e-08,0.6341757570051709
24.5,3.8070928201775245e-07,3.2360184079580243,5.4367623279936094e-08,0.6342055802610435
24.75,3.7688887537476266e-07,3.203475734804687,5.289204461008861e-08,0.634247889933697
25.0,3.7313962365640366e-07,3.171540248526927,5.146753429743499e-08,0.6342812699420225
25.25,3.694473635668093e-07,3.140094447472301,5.0090312830005495e-08,0.6342850326376079
25.5,3.657994210688269e-07,3.1090331958003232,4.8757003807907624e-08,0.6342401094993508
25.75,3.6218500655401104e-07,3.0782670255841276,4.746465807899236e-08,0.6341298695907291
26.0,3.585955348437434e-07,3.047724811595338,4.621076479945146e-08,0.6339408454340331
26.25,3.5502486526856686e-07,3.0173557790119645,4.499325025185798e-08,0.6336633488740492
26.5,3.514694592652267e-07,2.9871308225887288,4.3810465474007697e-08,0.633291962807723
26.75,3.4792845509862203e-07,2.9570431339248864,4.266116393269946e-08,0.6328258982508408
27.0,3.444036614062569e-07,2.9271081509172903,4.1544470615953785e-08,0.6322692099969628
27.25,3.408994732271087e-07,2.8973628598894963,4.045984401478925e-08,0.631630867994277
27.5,3.3742271597137253e-07,2.86786449587594,3.940703252220409e-08,0.630924685419506
27.75,3.3398242437446557e-07,2.838688699797885,3.838602679399073e-08,0.6301691081642833
28.0,3.30589564826835e-07,2.8099272025345177,3.739700959579581e-08,0.6293868739738933
28.25,3.2725671055653676e-07,2.781685114968027,3.644030460647636e-08,0.62860455270434
28.5,3.2399767994780836e-07,2.754077909827884,3.5516325562927747e-08,0.6278519820148384
28.75,3.208271487971491e-07,2.7272281855032126,3.462552702026567e-08,0.6271616152243977
29.0,3.1776024753752923e-07,2.701262303922075,3.376835786796272e-08,0.6265677999817921
29.25,3.148121544073345e-07,2.676306994162892,3.294521859191152e-08,0.626106007790825
29.5,3.1199769521641384e-07,2.6524860107730626,3.215642310913825e-08,0.6258120352751144
29.75,3.093309597862531e-07,2.6299169309820667,3.1402165830721715e-08,0.6257211983513994
30.0,3.0682494433944144e-07,2.6087081683157662,3.0682494433944146e-08,0.6258675402150785
30.25,3.0449122811442616e-07,2.588956271788368,2.99972886511349e-08,0.6262830732478948
30.5,3.0233969131794264e-07,2.5707435701426533,2.9346245214068687e-08,0.6269970736699966
30.75,3.0037828023500665e-07,2.554136209823913,2.8728868932752145e-08,0.6280354460234364
31.0,2.986128239321691e-07,2.539182623818971,2.814446973912998e-08,0.629420172447987
31.25,2.9704690555170705e-07,2.5259124564844364,2.759216539232112e-08,0.6311688592578236
31.5,2.956817897400539e-07,2.5143359573410256,2.7070889424587215e-08,0.6332943906202855
31.75,2.945164063193022e-07,2.5044438448259863,2.657940380793522e-08,0.6358046962510451
32.0,2.935473889301333e-07,2.496207629458327,2.6116315741115065e-08,0.6387026370511676
32.25,2.92769166079287e-07,2.489580375042799,2.568009789632472e-08,0.6419860095983958
32.5,2.9217410084240333e-07,2.4844978666503734,2.5269111424207856e-08,0.645647667443318
32.75,2.917526744274073e-07,2.4808801453633635,2.4881630994288773e-08,0.649675754322759
33.0,2.914937079138517e-07,2.4786333623240844,2.4515871144983322e-08,0.6540540417542565
33.25,2.913846157643533e-07,2.477651898599181,2.4170013231529122e-08,0.6587623610762998
33.5,2.914116841652319e-07,2.477820692850156,2.3842232290057837e-08,0.6637771179003732
33.75,2.9156036689970453e-07,2.479017715826496,2.353072317979961e-08,0.6690718751848893
34.0,2.918155912888103e-07,2.4811165292746833,2.3233725421083623e-08,0.6746179897600546
34.25,2.921620667485697e-07,2.483988866950868,2.2949546212269207e-08,0.6803852861486216
34.5,2.925845886985383e-07,2.4875071769694164,2.2676581181828196e-08,0.6863427509520239
34.75,2.9306833090504903e-07,2.4915470676155875,2.2413332510304406e-08,0.6924592309060288
35.0,2.9359911983703723e-07,2.4959896028732897,2.215842413864432e-08,0.6987041179464945
35.25,2.941636852357282e-07,2.5007233991209765,2.1910613862351153e-08,0.7050480052466195
35.5,2.947498818318885e-07,2.505646480565479,2.1668802193118063e-08,0.7114632991664156
35.75,2.953468779645523e-07,2.5106678578376833,2.1432037949262265e-08,0.7179247733599426
36.0,2.959453077409484e-07,2.5157088015800033,2.1199520611815786e-08,0.7244100528767029
36.25,2.9653738430625844e-07,2.5207037906255207,2.0970599553149768e-08,0.7309000179261862
36.5,2.971169727414676e-07,2.5256011223151513,2.0744770308358706e-08,0.7373791190006942
36.75,2.976796220562522e-07,2.5303631804410447,2.0521668115386425e-08,0.7438355972206253
37.0,2.982225566710272e-07,2.534966364069092,2.0301058997346987e-08,0.7502616060264826
37.25,2.987446286688554e-07,2.539400687921129,2.00828286992214e-08,0.7566532326409756
37.5,2.9924623292670103e-07,2.5436690719434285,1.986696982085982e-08,0.763010420011944
37.75,2.997291879912787e-07,2.5477863440249124,1.9653567508956432e-08,0.7693367921735871
38.0,3.0019658623465354e-07,2.5517779854477554,1.944278408255528e-08,0.775639388084001
38.25,3.0065261739827023e-07,2.555678653466235,1.923484297002009e-08,0.7819283109693611
38.5,3.0110237010320677e-07,2.5595305193490057,1.9030012330744624e-08,0.7882163019918653
38.75,3.015516162636064e-07,2.5633814632382728,1.882858872280079e-08,0.7945182486273705
39.0,3.020065835863005e-07,2.56728316924982,1.863088115893279e-08,0.8008506394625164
39.25,3.024737214718139e-07,2.5712891653534817,1.8437195868600793e-08,0.8072309781787081
39.5,3.029594656516486e-07,2.5754528527456526,1.8247822054006842e-08,0.8136771702660599
39.75,3.0347000680746065e-07,2.5798255686827303,1.806301889408642e-08,0.8202068964945657
40.0,3.040110682247904e-07,2.5844547251312253,1.7883004013222965e-08,0.8268369873583289
40.25,3.045876972444139e-07,2.5893820631652944,1.770794359184122e-08,0.8335828126032253
40.5,3.0520407489657597e-07,2.5946420598762514,1.7537944254939e-08,0.8404576995557147
40.75,3.0586334764706703e-07,2.6002605207325993,1.7373046832876824e-08,0.8474723933025601
41.0,3.0656748465999103e-07,2.6062533859329426,1.721322204716401e-08,0.8546345708444115
41.25,3.073171634016676e-07,2.6126257744244397,1.7058368133310255e-08,0.8619484201813297
41.5,3.0811168578548324e-07,2.6193712840178227,1.6908310373740335e-08,0.8694142939098773
41.75,3.089489264011317e-07,2.626471560521218,1.6762802476917182e-08,0.8770284453472675
42.0,3.0982531369620434e-07,2.6338961431454435,1.662152970473199e-08,0.884782853478953
42.25,3.107358442961685e-07,2.6416025877097162,1.6484113619371694e-08,0.892665141185076
42.5,3.116741299728663e-07,2.6495368635036023,1.635011829365856e-08,0.9006585892733084
42.75,3.1263247611392603e-07,2.6576340141409136,1.6219057805592608e-08,0.9087422468671114
43.0,3.1360198991753284e-07,2.6658190674718965,1.609040481875489e-08,0.9168911367064301
43.25,3.145727159498451e-07,2.6740081746940736,1.596360003551499e-08,0.9250765519497075
43.5,3.155337961661819e-07,2.6821099543053086,1.5838062299720513e-08,0.9332664391589668
43.75,3.1647365102122345e-07,2.6900270125531356,1.5713199119750428e-08,0.9414258603398765
44.0,3.1738017788611463e-07,2.6976576086215007,1.5588417381439815e-08,0.9495175252311
44.25,3.182409626586227e-07,2.7048974300191126,1.5463134023316723e-08,0.9575023835247878
44.5,3.190435002021976e-07,2.7116414415415204,1.53367864536569e-08,0.9653402653832964
44.75,3.197754190853673e-07,2.7177857698088776,1.5208842499824252e-08,0.9729905575234634
45.0,3.2042470601737993e-07,2.72322958475825,1.5078809694935527e-08,0.9804129012928726
45.25,3.2097992539085875e-07,2.7278769396052427,1.494624372472786e-08,0.9875678985821401
45.5,3.214304294473826e-07,2.731638531683739,1.4810755878234422e-08,0.9944178111184677
45.75,3.2176655477562907e-07,2.734433348209794,1.4672019369061715e-08,1.0009272386785524
46.0,3.219798011307165e-07,2.7361901633680357,1.452977441925616e-08,1.007063762048132
46.25,3.220629889227135e-07,2.736848856144499,1.4383832024461732e-08,1.0127985371399608
46.5,3.220103921554729e-07,2.7363615219736883,1.4234076346799554e-08,1.0181068275549732
46.75,3.2181784409599056e-07,2.7346933554625275,1.4080465710125649e-08,1.0229684640200218
47.0,3.214828135100398e-07,2.731823286120631,1.3923032200521429e-08,1.0273682205410672
47.25,3.2100444990123614e-07,2.7277443540756323,1.3761879902520774e-08,1.0312960987485444
47.5,3.203835968262582e-07,2.722463818085538,1.3597181828170108e-08,1.0347475137518072
47.75,3.196227730160731e-07,2.716002993671529,1.3429175621063442e-08,1.0377233768269458
48.0,3.1872612169844125e-07,2.7083968247728505,1.325815814053416e-08,1.0402300723972924
48.25,3.1769932917702946e-07,2.6996931978559298,1.3084479051796626e-08,1.04227932898513
48.5,3.1654951436335315e-07,2.6899520127769434,1.2908533565637807e-08,1.0438879860701078
48.75,3.152850915658458e-07,2.6792440297864255,1.2730754485939516e-08,1.0450776610361254
49.0,3.1391560940242255e-07,2.6676495167659393,1.2551603734603061e-08,1.0458743225744578
49.25,3.124515692065408e-07,2.655256724996258,1.2371563531155566e-08,1.0463077789872062
49.5,3.109042267305557e-07,2.642160225378965,1.2191127408315093e-08,1.0464110917534766
49.75,3.092853813040963e-07,2.6284591399849955,1.2010791245031771e-08,1.0462199264351684
50.0,3.0760715687076453e-07,2.6142553060141,1.1831044495029405e-08,1.045771854467566
50.25,3.058817794970846e-07,2.5996514106634105,1.1652361781751276e-08,1.045105620564389
50.5,3.0412135601867845e-07,2.5847491359832744,1.1475195020042579e-08,1.0442603913356545
50.75,3.023376584577216e-07,2.569647352524525,1.1299966211132112e-08,1.0432750012443692
51.0,3.0054191871268223e-07,2.554440399452752,1.1127061040824964e-08,1.0421872121968792
51.25,2.987446377884057e-07,2.539216486840937,1.0956823391666455e-08,1.041033002862044
51.5,2.9695541350628484e-07,2.5240562530904525,1.0789550858616943e-08,1.0398459032451408
51.75,2.9518279021739734e-07,2.5090315069293228,1.062549133496447e-08,1.0386563891113523
52.0,2.934341335450367e-07,2.4942041792712057,1.0464840711306588e-08,1.0374913495774618
52.25,2.917155326179592e-07,2.479625505480538,1.0307741705985617e-08,1.0363736395942913
52.5,2.900317316345757e-07,2.4653354533848937,1.0154283820904181e-08,1.0353217271600295
52.75,2.883860919353661e-07,2.4513624068232063,1.0004504392718842e-08,1.0343494429770403
53.0,2.8678058507122296e-07,2.437723108745716,9.858390686532244e-09,1.0334658379398514
53.25,2.8521581665526477e-07,2.4244228620223147,9.715882957874844e-09,1.0326751513732644
53.5,2.8369108009128386e-07,2.4114559803074367,9.57687838944329e-09,1.0319768903847206
53.75,2.822044385997791e-07,2.3988064756885836,9.44123579215152e-09,1.0313660181150095
54.0,2.807528333283982e-07,2.38644896454503,9.308780945901798e-09,1.030833246128378
54.25,2.7933221475267796e-07,2.3743497681892154,9.179312444377266e-09,1.030365423739239
54.5,2.7793769405907786e-07,2.362468180571568,9.052607900303814e-09,1.0299460147884025
54.75,2.765637107677518e-07,2.3507578717023723,8.928430363156574e-09,1.0295556503142111
55.0,2.752042125076493e-07,2.3391683925681646,8.806534800244777e-09,1.0291727437653773
55.25,2.7385284260958835e-07,2.3276467452634115,8.68667449446564e-09,1.0287741539187831
55.5,2.7250313103967567e-07,2.316138980868639,8.56860721766137e-09,1.0283358795354394
55.75,2.7114868415909934e-07,2.304591787310749,8.452101047255139e-09,1.0278337690410986
56.0,2.697833688674554e-07,2.2929540300442555,8.336939705421985e-09,1.0272442281750478
56.25,2.684014868632991e-07,2.2811782098759212,8.222927314146071e-09,1.026544908621586
56.5,2.669979350328054e-07,2.2692218045800034,8.109892475747753e-09,1.0257153611234122
56.75,2.6556834834804717e-07,2.257048464056368,7.997691606408467e-09,1.0247376374637953
57.0,2.641092221109103e-07,2.244629032589135,7.88621146942103e-09,1.0235968269738462
57.25,2.6261801090542267e-07,2.2319423761719217,7.775370874866791e-09,1.0222815148414401
57.5,2.6109320220689144e-07,2.218975997765199,7.665121532679382e-09,1.0207841514292662
57.75,2.595343632258985e-07,2.2057264286177563,7.555448066109379e-09,1.0191013240029256
58.0,2.579421602230475e-07,2.1921993892854825,7.44636721198174e-09,1.017233924670944
58.25,2.563183501999244e-07,2.1784097195789025,7.337926252390972e-09,1.015187210886566
58.5,2.546657455363713e-07,2.1643810822271403,7.230200739197141e-09,1.0129707574920541
58.75,2.5298815278747135e-07,2.15014545042315,7.123291587504693e-09,1.0105983019334839
59.0,2.512902874598796e-07,2.135742394481814,7.017321626916493e-09,1.0080874868710412
59.25,2.4957766714163735e-07,2.1212181874764604,6.912431709508902e-09,1.0054595068911671
59.5,2.4785648584918733e-07,2.1066247538103657,6.808776480988595e-09,1.002738668330427
59.75,2.4613347286853656e-07,2.0920184881324095,6.706519926255658e-09,0.9999518732891969
60.0,2.4441573969503814e-07,2.0774589747424015,6.605830802568599e-09,0.9971280406950822
60.25,2.4271061891102136e-07,2.063007639592523,6.506878072713831e-09,0.9942974787278621
60.5,2.410254989778772e-07,2.0487263681385626,6.409826447121261e-09,0.9914912240049558
60.75,2.3936765895712603e-07,2.034676122610761,6.314832137898426e-09,0.9887403636238278
61.0,2.3774410711396146e-07,2.020915591763416,6.222038919496505e-09,0.9860753564505187
61.25,2.3616142719978877e-07,2.0074999048500595,6.131574580440763e-09,0.9835253699273757
61.5,2.3462563596277862e-07,1.9944794395023744,6.04354783856729e-09,0.9811176481543972
61.75,2.3314205510510072e-07,1.9818987504300047,5.95804577885226e-09,0.9788769260941864
62.0,2.3171520050193372e-07,1.9697956424855976,5.8751318585682994e-09,0.9768249034869074
62.25,2.3034869103192365e-07,1.9582004077496944,5.794844509537238e-09,0.9749797904745037
62.5,2.290451788542506e-07,1.9471352419900076,5.717196352056177e-09,0.9733559350664697
62.75,2.2780630241762184e-07,1.9366138512541073,5.642174020033667e-09,0.9719635404830649
63.0,2.2663266291577346e-07,1.926641254584157,5.569738582348819e-09,0.9708084781418314
63.25,2.2552382432711645e-07,1.9172137840196877,5.499826531777444e-09,0.9698921996692195
63.5,2.2447833660755133e-07,1.9083192783009688,5.4323513003218905e-09,0.9692117488827994
63.75,2.2349378105924022e-07,1.8999374621186276,5.367205248702204e-09,0.9687598722632048
64.0,2.225668363874347e-07,1.8920404984847916,5.3042620683373376e-09,0.9685252240797424
64.25,2.2169336349428792e-07,1.8845936979272264,5.243379526539353e-09,0.9684926601078424
64.5,2.2086850665341225e-07,1.8775563648183924,5.184402479981509e-09,0.9686436118343177
64.75,2.2008680837055732e-07,1.8708827583193417,5.127166077851104e-09,0.9689565312361675
65.0,2.1934233497101642e-07,1.8645231432012612,5.0714990744743675e-09,0.969407394682086
65.25,2.1862880976804068e-07,1.8584249042455,5.017227171567606e-09,0.9699702532767114
65.5,2.179397505613293e-07,1.8525336970386594,4.964176312540955e-09,0.9706178160713002
65.75,2.1726860819112133e-07,1.84679460777751,4.912175855329228e-09,0.9713220520171909
66.0,2.1660890293000342e-07,1.841153295166438,4.8610615558797895e-09,0.9720547963470594
66.25,2.1595435562772166e-07,1.8355570885982881,4.810678301487708e-09,0.9727883472312818
66.5,2.152990107286644e-07,1.8299560185131674,4.760882541404487e-09,0.9734960390613561
66.75,2.1463734855022274e-07,1.824303757070213,4.711544371309201e-09,0.9741527795394276
67.0,2.1396438453447783e-07,1.818558449973986,4.662549238057918e-09,0.9747355388749217
67.25,2.132757535559835e-07,1.8126834233898221,4.6137992413511655e-09,0.9752237807715209
67.5,2.125677777743281e-07,1.8066477532734955,4.5652140193144285e-09,0.9755998264899884
67.75,2.118375169505888e-07,1.800426688037639,4.51673121521491e-09,0.9758491450496377
68.0,2.1108280059042315e-07,1.7940019191858456,4.468306532396764e-09,0.9759605645354296
68.25,2.103022417220676e-07,1.7873616982708695,4.4199133937830285e-09,0.9759264014585116
68.5,2.094952325539647e-07,1.7805008021841868,4.371542230767691e-09,0.9757425071247656
68.75,2.0866192267375343e-07,1.7734203522736676,4.323199433836265e-09,0.9754082319485611
69.0,2.0780318083839834e-07,1.7661274960344642,4.274906003669992e-09,0.9749263105594306
69.25,2.069205417558296e-07,1.7586349630546452,4.226695946703359e-09,0.9743026723429629
69.5,2.060161395643971e-07,1.7509605094608582,4.178614463047454e-09,0.973546183693325
69.75,2.050926299718267e-07,1.7431262672513512,4.130715977328114e-09,0.9726683296980683
70.0,2.0415310321583307e-07,1.7351580165870069,4.083062064316662e-09,0.9716828441967561
70.25,2.0320099015121043e-07,1.7270844003115255,4.035719321283707e-09,0.9706052981304485
70.5,2.0223996385176012e-07,1.7189361006781152,3.988757237843501e-09,0.9694526568129456
70.75,2.012738391399929e-07,1.7107449984731793,3.942246111765215e-09,0.9682428171977209
71.0,2.003064724247666e-07,1.7025433344607699,3.896255055918433e-09,0.9669941363843703
71.25,1.9934166413982633e-07,1.694362892349271,3.8508501373223316e-09,0.9657249625096644
71.5,1.9838306593874942e-07,1.6862342213383728,3.806092684325376e-09,0.9644531788118041
71.75,1.9743409461923542e-07,1.6781859147829832,3.762037792408825e-09,0.9631957710589704
72.0,1.964978545280861e-07,1.6702439596617933,3.718733053143189e-09,0.9619684277167136
72.25,1.955770699443075e-07,1.6624311694178289,3.676217524593132e-09,0.9607851812195318
72.5,1.9467402865875225e-07,1.6547667104067163,3.634520955122562e-09,0.9596580975401955
72.75,1.9379053767208439e-07,1.6472657297080555,3.593663266250218e-09,0.9585970199487465
73.0,1.9292789162615904e-07,1.6399390894895345,3.553654294090238e-09,0.9576093714561711
73.25,1.9208685427463153e-07,1.6327932105246459,3.514493783112562e-09,0.9567000189810165
73.5,1.9126765299391992e-07,1.6258300249132112,3.4761716205901208e-09,0.9558712007961014
73.75,1.904699860422888e-07,1.6190470355959357,3.4386682952627593e-09,0.955122517341568
74.0,1.8969304199896948e-07,1.6124374779415342,3.401955559522408e-09,0.954450984062819
74.25,1.889355305623511e-07,1.6059905765636882,3.365997270872204e-09,0.9538511435779482
74.5,1.8819572366107827e-07,1.599691888634634,3.330750385577245e-09,0.9533152332268722
74.75,1.8747150563820264e-07,1.593523723334893,3.2961660753302074e-09,0.9528334029276806
75.0,1.8676043110933386e-07,1.587465625739617,3.262190936407578e-09,0.95239397728525
75.25,1.8605978897305264e-07,1.5814949124085078,3.228768260180304e-09,0.9519837550792125
75.5,1.8536667096684913e-07,1.575587245228189,3.1958393339399015e-09,0.9515883386150705
75.75,1.846780431147928e-07,1.5697172296557025,3.163344741766516e-09,0.9511924849613909
76.0,1.839908184034753e-07,1.5638590234250653,3.1312256365465505e-09,0.9507804708211712
76.25,1.8330192904916168e-07,1.5579869419945176,3.0994249561813333e-09,0.9503364626960996
76.5,1.8260839677951433e-07,1.5520760475135167,3.0678885594441483e-09,0.949844884094131
76.75,1.8190739964507372e-07,1.5461027088536101,3.0365662597639825e-09,0.9492907717955704
77.0,1.8119633399573635e-07,1.540045121249765,3.005412738360198e-09,0.9486601136194853
77.25,1.8047287040216577e-07,1.5338837753084966,2.974388321540417e-09,0.9479401607067094
77.5,1.797350024674987e-07,1.5276018665234576,2.943459610521985e-09,0.9471197080414904
77.75,1.7898108765670306e-07,1.521185637963274,2.9125999557645357e-09,0.9461893377525517
78.0,1.7820987946523098e-07,1.5146246504243155,2.8817897714299966e-09,0.9451416206460619
78.25,1.7742055045083222e-07,1.5079119760363975,2.8510166891435243e-09,0.9439712724066911
78.5,1.766127058582573e-07,1.5010443130359017,2.8202755536469685e-09,0.9426752619369924
78.75,1.7578638777187964e-07,1.494022021143223,2.7895682661543015e-09,0.9412528703678685
79.0,1.7494206993198224e-07,1.486849078665962,2.7589034841820257e-09,0.9397057003422126
79.25,1.7408064354281094e-07,1.4795329640640758,2.728296189290692e-09,0.9380376362287759
79.5,1.732033945809956e-07,1.4720844662288717,2.6977671364977313e-09,0.9362547569436408
79.75,1.7231197327843484e-07,1.4645174291177179,2.6673422010767674e-09,0.9343652040232225
80.0,1.7140835660144018e-07,1.456848437627145,2.637051640022157e-09,0.9323790084878224
80.25,1.7049480467546676e-07,1.449096452658624,2.6069292866156366e-09,0.9303078808423785
80.5,1.6957381221015654e-07,1.4412824042170942,2.5770116972783182e-09,0.9281649692670629
80.75,1.6864805606117363e-07,1.4334287520696147,2.547337270227018e-09,0.9259645916426739
81.0,1.677203401223507e-07,1.4255590239711717,2.51794535538734e-09,0.9237219475244584
81.25,1.6679353877337795e-07,1.4176973417316439,2.4888753745619466e-09,0.9214528165155136
81.5,1.6587054011449796e-07,1.4098679454507805,2.460165970032229e-09,0.9191732496920497
81.75,1.6495419020071196e-07,1.4020947260893597,2.4318541986117917e-09,0.9168992607948986
82.0,1.6404723944458952e-07,1.3944007761805135,2.40397478670266e-09,0.9146465238244766
82.25,1.6315229229006903e-07,1.3868079679254837,2.3765594601661533e-09,0.9124300834623525
82.5,1.6227176117120152e-07,1.3793365671758597,2.349636360849977e-09,0.9102640843964018
82.75,1.6140782566157925e-07,1.3720048908961904,2.323229559454546e-09,0.908161525155571
83.0,1.6056239759451055e-07,1.3648290146461177,2.297358672120626e-09,0.9061340414741611
83.25,1.597370927934642e-07,1.3578225354419435,2.272038585724317e-09,0.9041917235161133
83.5,1.589332098998302e-07,1.3509963940782592,2.2472792944229944e-09,0.9023429705110536
83.75,1.581517166237496e-07,1.3443587596373028,2.2230858475554525e-09,0.9005943855015978
84.0,1.5739324357697946e-07,1.3379149775149783,2.1994584066095508e-09,0.8989507119931228
84.25,1.566580856779294e-07,1.3316675808769418,2.1763924066779e-09,0.8974148133516823
84.5,1.559462109516387e-07,1.325616364055287,2.153878815671264e-09,0.8959876948327888
84.75,1.5525727638507568e-07,1.3197585150356987,2.13190448259216e-09,0.8946685671639485
85.0,1.545906503441826e-07,1.3140888028953281,2.1104525644257014e-09,0.8934549496678226
85.25,1.5394544091686822e-07,1.3085998148608613,2.089503019714705e-09,0.8923428100214108
85.5,1.5332052941877403e-07,1.3032822365903052,2.0690331556799573e-09,0.8913267369196738
85.75,1.527146081889364e-07,1.2981251683645036,2.0490182148470696e-09,0.8904001411686131
86.0,1.5212622171292053e-07,1.2931164691261232,2.0294319865651086e-09,0.8895554800905037
86.25,1.515538100436935e-07,1.288243119742109,2.010247428558836e-09,0.888784499598361
86.5,1.509957534470448e-07,1.283491596503851,1.9914372837488183e-09,0.8880784879011
86.75,1.5045041717986226e-07,1.2788482457266563,1.9729746779973575e-09,0.887428534545766
87.0,1.4991619531657634e-07,1.274299650371087,1.9548336851815923e-09,0.8868257883962081
87.25,1.4939155257157583e-07,1.2698329798830015,1.9369898470395e-09,0.886261708192809
87.5,1.4887506312275475e-07,1.2654363149314147,1.9194206365544527e-09,0.8857282995360249
87.75,1.4836544552235581e-07,1.2610989394032965,1.902105855207645e-09,0.8852183324845457
88.0,1.478615928841498e-07,1.2568115928771255,1.8850279561977283e-09,0.8847255344501381
88.25,1.4736259765838022e-07,1.2525666778226316,1.8681722876610098e-09,0.8842447536953596
88.5,1.46867770444968e-07,1.2483584169388735,1.8515272519772827e-09,0.8837720894835159
88.75,1.4637665244791364e-07,1.2441829573188965,1.835084379366596e-09,0.8833049857754134
89.0,1.458890213359829e-07,1.240038419486024,1.8188383161199715e-09,0.8828422862947082
89.25,1.454048904426578e-07,1.235924890751124,1.8027867299107508e-09,0.8823842497705637
89.5,1.4492450140781875e-07,1.2318443637572611,1.786930136651999e-09,0.8819325251886194
89.75,1.4444831053044632e-07,1.227800622472388,1.7712716552502979e-09,0.8814900879132216
90.0,1.4397696926155905e-07,1.2237990792268687,1.7558166983116959e-09,0.8810611385591688
90.25,1.4351129941552585e-07,1.2198465676362396,1.7405726083401533e-09,0.8806509674634445
90.5,1.4305226381193895e-07,1.2159510973685341,1.7255482501967848e-09,0.880265788510884
90.75,1.4260093317587532e-07,1.2121215776801786,1.7107535715301194e-09,0.8799125468781308
91.0,1.4215845021852363e-07,1.2083675174292898,1.6961991435213417e-09,0.8795987059553677
91.25,1.41725991890261e-07,1.2046987098588755,1.681895694599797e-09,0.8793320192656455
91.5,1.413047308423808e-07,1.2011249108088524,1.6678536497669546e-09,0.8791202936110298
91.75,1.4089579715052823e-07,1.1976555191543798,1.6540826878240002e-09,0.8789711499208422
92.0,1.4050024134194272e-07,1.1942992681742466,1.6405913281403867e-09,0.8788917883519315
92.25,1.4011899973000937e-07,1.1910639362285471,1.627386557647048e-09,0.8788887640905259
92.5,1.3975286299432377e-07,1.187956084577505,1.6144735075156536e-09,0.8789677800309965
92.75,1.3940244885412725e-07,1.1849808294169386,1.6018551875281246e-09,0.8791335020646772
93.0,1.390681795699247e-07,1.182141654260241,1.589532284488795e-09,0.8793894021123438
93.25,1.3875026487533224e-07,1.1794402676867852,1.5775030292301627e-09,0.8797376332921097
93.5,1.3844869079226542e-07,1.1768765102319843,1.5657631348612109e-09,0.8801789407494898
93.75,1.381632146214642e-07,1.1744483128483156,1.5543058069561802e-09,0.8807126107110084
94.0,1.378933662314282e-07,1.172151707955835,1.5431218244340667e-09,0.8813364592827656
94.25,1.3763845559669854e-07,1.1699808926635131,1.5321996879872373e-09,0.8820468614289809
94.5,1.3739758636577787e-07,1.1679283423183466,1.5215258311317835e-09,0.8828388194624043
94.75,1.371696750745185e-07,1.165984971166792,1.5110848873199e-09,0.8837060692890683
95.0,1.3695347546705876e-07,1.1641403356303837,1.5008600051184521e-09,0.884641221604474
95.25,1.3674760724759888e-07,1.1623828745398879,1.4908332022550828e-09,0.8856359342663066
95.5,1.3655058846632592e-07,1.1607001796720209,1.480985748394305e-09,0.886681111197646
95.75,1.3636087064494533e-07,1.159079289117344,1.471298565853924e-09,0.8877671224292537
96.0,1.361768756742737e-07,1.1575069954000314,1.4617526371218733e-09,0.88888403929134
96.25,1.359970334702099e-07,1.1559701598865824,1.4523294079915624e-09,0.8900218783316972
96.5,1.35819819356397e-07,1.1544560248717584,1.4430111753979867e-09,0.8911708472811113
96.75,1.356437901524998e-07,1.152952514819974,1.433781449596679e-09,0.8923215863164603
97.0,1.3546761798590868e-07,1.151448518566246,1.4246252811642515e-09,0.8934653979895428
97.25,1.3529012091072485e-07,1.149934144833175,1.415529544386708e-09,0.8945944594928135
97.5,1.3511028950917992e-07,1.1484009441833936,1.4064831699068828e-09,0.8957020114138723
97.75,1.3492730876458732e-07,1.1468420914787005,1.3974773209866566e-09,0.8967825177757132
98.0,1.3474057462826836e-07,1.145252524030568,1.3885055093597317e-09,0.8978317929515856
98.25,1.3454970485184484e-07,1.143629031870196,1.3795636483601418e-09,0.8988470919598387
98.5,1.3435454381661927e-07,1.141970297904531,1.3706500427618076e-09,0.8998271616596087
98.75,1.3415516125892852e-07,1.1402768871197437,1.3617653165061737e-09,0.9007722514541434
99.0,1.3395184495963393e-07,1.138551185406212,1.3529122811800214e-09,0.9016840832342866
99.25,1.3374508763253645e-07,1.1367972899692755,1.344095749687884e-09,0.9025657814283624
99.5,1.335355684057972e-07,1.1350208546189635,1.3353223010004472e-09,0.9034217651343045
99.75,1.3332412943796003e-07,1.1332288944624214,1.3266000031140107e-09,0.9042576053639827
100.0,1.3311174834181365e-07,1.1314295556207765,1.3179381023941946e-09,0.905079851398403
100.25,1.3289950720147834e-07,1.1296318565274437,1.3093466882738736e-09,0.9058958311084573
100.5,1.326885590577042e-07,1.1278454081120322,1.300836342812227e-09,0.9067134308149809
100.75,1.324800928010347e-07,1.1260801207130693,1.2924177848877534e-09,0.9075408608238646
101.0,1.322752974505559e-07,1.12434590587991,1.2841015187899809e-09,0.9083864131611591
101.25,1.3207532680651766e-07,1.122652381311906,1.2758974966969253e-09,0.9092582182388186
101.5,1.318812654480697e-07,1.121008587040285,1.2678148039901915e-09,0.9101640071984884
101.75,1.3169409700337775e-07,1.1194227205909062,1.2598613755861285e-09,0.9111108865085784
102.0,1.315146755499107e-07,1.1179018982860562,1.2520437504751591e-09,0.9121051310341206
102.25,1.3134370090987042e-07,1.1164519490687332,1.244366870493381e-09,0.9131520012702447
102.5,1.3118169849236356e-07,1.115077246286677,1.2368339280364272e-09,0.9142555897440019
102.75,1.3102900420334843e-07,1.1137805817838051,1.2294462660045243e-09,0.9154187007656831
103.0,1.3088575480043817e-07,1.1125630854454258,1.2222033317811016e-09,0.916642766773492
103.25,1.3075188391646072e-07,1.1114241920652994,1.2151026855376818e-09,0.9179278034913142
103.5,1.306271238176391e-07,1.1103616560838134,1.2081400616674522e-09,0.9192724050376168
103.75,1.3051101280382978e-07,1.1093716134244258,1.2013094807198484e-09,0.9206737790148651
104.0,1.3040290800387127e-07,1.108448688367087,1.1946034078771645e-09,0.9221278205045439
104.25,1.303020031730111e-07,1.1075861421781537,1.1880129528165171e-09,0.9236292228237859
104.5,1.3020735096558092e-07,1.1067760590995106,1.18152810476696e-09,0.9251716218954789
104.75,1.3011788903815827e-07,1.106009564315195,1.175137995727351e-09,0.9267477701721288
105.0,1.3003246923948363e-07,1.1052770676875225,1.1688311841751338e-09,0.928349735259495
105.25,1.2994988906591427e-07,1.1045685264076381,1.1625959511826866e-09,0.9299691177303439
105.5,1.2986892450706868e-07,1.103873719253211,1.156420600672903e-09,0.9315972821187242
105.75,1.2978836337675503e-07,1.1031825248987597,1.1502937555894512e-09,0.9332255947535671
106.0,1.2970703821977256e-07,1.1024851966859477,1.1442046420233996e-09,0.9348456619349064
106.25,1.2962385790551883e-07,1.1017726264304064,1.138143353814406e-09,0.9364495619793028
106.5,1.2953783706362157e-07,1.1010365902107193,1.1321010908136212e-09,0.9380300648608605
106.75,1.2944812258349106e-07,1.1002699696411766,1.126070364834179e-09,0.9395808335432904
107.0,1.2935401648659728e-07,1.0994669428548693,1.1200451682967988e-09,0.9410966016249722
107.25,1.2925499458474552e-07,1.0986231402953024,1.1140211016725445e-09,0.9425733225867862
107.5,1.2915072045652893e-07,1.0977357614069683,1.107995456999712e-09,0.9440082867218177
107.75,1.2904105440401786e-07,1.0968036493993727,1.1019672559733806e-09,0.9454002027139848
108.0,1.2892605718890078e-07,1.0958273224039616,1.095937242340197e-09,0.9467492417938462
108.25,1.288059884878841e-07,1.0948089605172597,1.0899078295438368e-09,0.9480570434073661
108.5,1.286813001473383e-07,1.093752349394166,1.0838830057262801e-09,0.949326682359377
108.75,1.285526244531748e-07,1.0926627821912962,1.077868199266761e-09,0.9505625984099642
109.0,1.2842075776017358e-07,1.0915469227316335,1.0718701090073748e-09,0.9517704902817775
109.25,1.2828663994216915e-07,1.0904126337410722,1.0658965041490097e-09,0.9529571769535815
109.5,1.281513302277137e-07,1.0892687748702992,1.059955999484822e-09,0.954130429946556
109.75,1.2801598007259494e-07,1.0881249759410603,1.0540578121569563e-09,0.9552987810340505
110.0,1.2788180378890894e-07,1.0869913914277005,1.0482115064664668e-09,0.9564713104050969
110.25,1.2775004769883493e-07,1.0858784425908035,1.042426733432285e-09,0.9576574207730227
110.5,1.2762195860895801e-07,1.0847965539124693,1.0367129717833353e-09,0.9588666032330736
110.75,1.2749875240763362e-07,1.0837558905397127,1.031079276883956e-09,0.9601082008312473
111.0,1.2738158357375748e-07,1.0827661033257887,1.025534043746538e-09,0.9613911758090227
111.25,1.272715163512079e-07,1.081836087775736,1.0200847897905205e-09,0.9627238863379554
111.5,1.2716949829048108e-07,1.0809737627629756,1.0147379623809058e-09,0.9641138782607976
111.75,1.2707633678942483e-07,1.0801858743032315,1.009498775442407e-09,0.9655676969222348
112.0,1.2699267918065604e-07,1.079477828968427,1.0043710786195511e-09,0.9670907236161457
112.25,1.2691899681672347e-07,1.0788535607173046,9.993572615624804e-10,0.9686870405140502
112.5,1.2685557349808578e-07,1.0783154340342604,9.944581949874436e-10,0.9703593271899859
112.75,1.2680249847643177e-07,1.07786418532752,9.896732092150323e-10,0.9721087910411891
113.0,1.2675966414976247e-07,1.0774989035673084,9.850001099523077e-10,0.9739351330434888
113.25,1.2672676844898787e-07,1.0772170501691702,9.804352301804108e-10,0.9758365493977796
113.5,1.2670332180148303e-07,1.077014517171479,9.759735161584705e-10,0.9778097687417535
113.75,1.2668865844787492e-07,1.0768857218426358,9.716086447769917e-10,0.9798501237411146
114.0,1.2668195178685457e-07,1.0768237350040015,9.673331688061588e-10,0.981951655057496
114.25,1.2668223333131606e-07,1.0768204395882974,9.631386860004357e-10,0.9841072449353262
114.5,1.2668841477958244e-07,1.0768667152866476,9.590160275512002e-10,0.9863087769739711
114.75,1.2669931263950125e-07,1.076952644584108,9.549554610313782e-10,0.9885473180692247
115.0,1.2671367479200393e-07,1.0770677350537379,9.509469027542508e-10,0.9908133180314997
115.25,1.26730208345153e-07,1.0772011524800553,9.469801343737644e-10,0.9930968220259225
115.5,1.2674760811017106e-07,1.0773419592176583,9.430450185835164e-10,0.9953876907379002
115.75,1.267645850274841e-07,1.077479352160194,9.391317089210699e-10,0.9976758230495857
116.0,1.2677989388306336e-07,1.0776028947958367,9.35230848945584e-10,0.9999513760179108
116.25,1.2679235968260555e-07,1.0777027380521136,9.313337564199192e-10,1.0022049770705874
116.5,1.268009020923126e-07,1.077769824976647,9.274325885813426e-10,1.0044279235769935
116.75,1.2680455740890419e-07,1.0777960747502706,9.23520485114169e-10,1.006612365298112
117.0,1.2680249758645226e-07,1.077774542071872,9.195916860283723e-10,1.0087514656633558
117.25,1.2679404592191007e-07,1.0776995485756347,9.156416222848612e-10,1.0108395383500914
117.5,1.26778689082918e-07,1.0775667836251197,9.11666977674916e-10,1.0128721562403136
117.75,1.2675608524859842e-07,1.077373372558148,9.076657211423036e-10,1.0148462304835102
118.0,1.2672606822455672e-07,1.0771179112144644,9.036371094164056e-10,1.0167600580896934
118.25,1.2668864748512787e-07,1.0768004663476127,8.995816604884617e-10,1.0186133371960095
118.5,1.2664400418704512e-07,1.0764225422863338,8.955010990969974e-10,1.0204071498782414
118.75,1.2659248328722358e-07,1.075987014953035,8.913982759800099e-10,1.0221439130992516
119.0,1.2653458198144072e-07,1.075498035052198,8.872770631894028e-10,1.0238272990848436
119.25,1.2647093475869974e-07,1.0749609028960831,8.831422282378904e-10,1.0254621270794686
119.5,1.2640229543648898e-07,1.0743819179262,8.78999290252179e-10,1.027054229046544
119.75,1.263295166037184e-07,1.0737682065059495,8.74854361632565e-10,1.028610292429112
120.0,1.262535269497434e-07,1.0731275319934712,8.707139789637477e-10,1.0301376835658602
120.25,1.2617530699872488e-07,1.0724680914469047,8.665849270820429e-10,1.031644255756493
120.5,1.2609586379800101e-07,1.07179830356169,8.62474060279414e-10,1.0331381462821612
120.75,1.2601620512676977e-07,1.0711265925878979,8.583881246155913e-10,1.0346275669059473
121.0,1.2593731379704328e-07,1.0704611730235192,8.543335852183928e-10,1.0361205925020207
121.25,1.2586012261260184e-07,1.069809839827685,8.50316462282964e-10,1.037624952488444
121.5,1.25785490533829e-07,1.069179768748296,8.463421792381975e-10,1.0391478296681327
121.75,1.2571418056734444e-07,1.068577331115607,8.424154262393825e-10,1.0406956709171742
122.0,1.2564683985994436e-07,1.0680079271227112,8.385400417775252e-10,1.0422740139034137
122.25,1.25583982427383e-07,1.0674758412027907,8.347189147760803e-10,1.043887333676296
122.5,1.2552597489099834e-07,1.0669841226301338,8.309539090839775e-10,1.0455389125483237
122.75,1.254730255302742e-07,1.06653449392701,8.272458117794088e-10,1.047230736197457
123.0,1.2542517688843235e-07,1.0661272890625175,8.235943061818396e-10,1.0489634183678884
123.25,1.2538230209245684e-07,1.065761422794124,8.199979699403266e-10,1.0507361559445538
123.5,1.253441049700469e-07,1.0654343918403573,8.164542980347956e-10,1.0525467155361126
123.75,1.2531012396541678e-07,1.0651423078968414,8.129597500037176e-10,1.0543914520343203
124.0,1.2527973977517843e-07,1.0648799618308649,8.095098202066324e-10,1.0562653589377473
124.25,1.2525218654634443e-07,1.0646409177252836,8.060991294528802e-10,1.0581621495479772
124.5,1.2522656640234234e-07,1.0644176348039225,8.027215358878374e-10,1.0600743674803563
124.75,1.2520186699136572e-07,1.0642016146706441,7.993702626333699e-10,1.0619935242924814
125.0,1.2517698168586322e-07,1.0639835707451484,7.96038039337763e-10,1.0639102614351372
125.25,1.2515073200385116e-07,1.0637536162918175,7.927172545087385e-10,1.0658145331850037
125.5,1.2512189177327486e-07,1.0635014670239609,7.894001152869819e-10,1.067695806737994
125.75,1.2508921252093563e-07,1.0632166539338688,7.860788111712351e-10,1.0695432752374723
126.0,1.2505144953847336e-07,1.062888741756868,7.827456781326574e-10,1.0713460791924174
126.25,1.250073880602841e-07,1.0625075483312203,7.793933595575434e-10,1.0730935315149557
126.5,1.2495586898257e-07,1.062063360069517,7.760149605339005e-10,1.0747753412809748
126.75,1.24895813559259e-07,1.0615471388135016,7.726041921477153e-10,1.0763818312962705
127.0,1.2482624652932606e-07,1.0609507155033344,7.691555026762343e-10,1.0779041446362334
127.25,1.2474631716088124e-07,1.0602669663522388,7.656641928541396e-10,1.079334435519695
127.5,1.2465531773978784e-07,1.0594899675742233,7.621265127384813e-10,1.0806660401751105
127.75,1.245526990837917e-07,1.058615125159888,7.585397381026516e-10,1.0818936237553205
128.0,1.2443808272619422e-07,1.0576392767248328,7.549022247403192e-10,1.0830132998488804
128.25,1.2431126948475233e-07,1.0565607630565006,7.512134395476953e-10,1.084022719712369
128.5,1.2417224421028312e-07,1.0553794676462018,7.474739677664562e-10,1.0849211289978586
128.75,1.2402117659374103e-07,1.0540968231996841,7.436854962990186e-10,1.0857093904596757
129.0,1.238584179985019e-07,1.0527157848567124,7.398507735410184e-10,1.0863899718796786
129.25,1.2368449437428862e-07,1.0512407706013829,7.359735467009131e-10,1.0869668992340458
129.5,1.235000953985722e-07,1.0496775700933016,7.320584780816656e-10,1.0874456759194382
129.75,1.2330606007830752e-07,1.0480332238779144,7.281110422728438e-10,1.0878331696439714
130.0,1.231033591274456e-07,1.046315875624944,7.241374066320329e-10,1.0881374693500852
130.25,1.2289307451179538e-07,1.0445346006802023,7.201442978119498e-10,1.0883677152535092
130.5,1.2267637662058596e-07,1.0426992147821812,7.161388574048012e-10,1.0885339057371881
130.75,1.2245449958175986e-07,1.040820067276208,7.121284900203751e-10,1.0886466854142895
131.0,1.2222871528407892e-07,1.0389078235428069,7.081207072827699e-10,1.0887171191548952
131.25,1.2200030670225763e-07,1.0369732416325317,7.041229713179266e-10,1.0887564572432538
131.5,1.2177054114056648e-07,1.0350269482587253,7.001425413075737e-10,1.0887758970854606
131.75,1.2154064401499896e-07,1.0330792193368419,6.961863266041061e-10,1.088786347012791
132.0,1.2131177378385394e-07,1.0311397701715996,6.922607497366694e-10,1.0887981977183159
132.25,1.210849986115007e-07,1.029217560181757,6.883716223947509e-10,1.0888211067217972
132.5,1.2086127531058888e-07,1.0273206167203521,6.845240371573176e-10,1.0888638009814713
132.75,1.2064143105483922e-07,1.025455882102515,6.807222773503506e-10,1.0889339023659472
133.0,1.2042614828895894e-07,1.0236290874032146,6.769697469726176e-10,1.0890377801732158
133.25,1.202159531856661e-07,1.0218446559460517,6.732689221393395e-10,1.0891804342481162
133.5,1.2001120791407742e-07,1.0201056386865677,6.696213249680002e-10,1.0893654115190226
133.75,1.1981210689088268e-07,1.0184136829167747,6.660275202828535e-10,1.089594757966217
134.0,1.196186770880726e-07,1.01676903490083,6.624871349583108e-10,1.0898690071679618
134.25,1.1943078237094525e-07,1.0151705762153036,6.589988991702988e-10,1.0901872056671182
134.5,1.192481317402178e-07,1.0136158927325247,6.55560708292727e-10,1.0905469744839917
134.75,1.1907029125488093e-07,1.0121013743734106,6.521697036769335e-10,1.0909446051934601
135.0,1.1889669932046753e-07,1.0106223429880263,6.488223700980493e-10,1.0913751881099005
135.25,1.1872668494308634e-07,1.0091732050180453,6.455146472553041e-10,1.0918327693051053
135.5,1.1855948847512315e-07,1.0077476249739246,6.422420523834897e-10,1.092310532444142
135.75,1.1839428431594623e-07,1.0063387152376755,6.389998107786296e-10,1.0928010007821378
136.0,1.1823020498196383e-07,1.0049392372937362,6.357829908688096e-10,1.0932962541389752
136.25,1.1806636592633382e-07,1.003541809207014,6.325866403755014e-10,1.0937881552738336
136.5,1.1790189047048662e-07,1.0021391140166491,6.294059201136362e-10,1.0942685798288725
136.75,1.1773593420794634e-07,1.0007241037011152,6.262362320698987e-10,1.0947296439090441
137.0,1.1756770825583849e-07,0.9992901934957803,6.230733385756452e-10,1.0951639234168709
137.25,1.1739650076062789e-07,0.9978314416052706,6.199134696486303e-10,1.0955646594668371
137.5,1.1722169611126832e-07,0.9963427097434607,6.167534159093368e-10,1.0959259445593703
137.75,1.1704279137388128e-07,0.9948198004436827,6.135906048741979e-10,1.096242884690751
138.0,1.1685940953572955e-07,0.9932595676976109,6.104231588786542e-10,1.0965117332002863
138.25,1.166713092306871e-07,0.991659998187068,6.072499333757287e-10,1.0967299928937164
138.5,1.1647839071139231e-07,0.9900202611500883,6.040705348773732e-10,1.0968964838129227
138.75,1.1628069793234414e-07,0.9883407257503317,6.008853183423517e-10,1.097011374924734
139.0,1.160784167107128e-07,0.986622945675292,5.976953643515411e-10,1.0970761789520247
139.25,1.158718690348507e-07,0.9848696115508299,5.945024369350587e-10,1.0970937105430285
139.5,1.1566150369163774e-07,0.983084472604266,5.913089234117036e-10,1.0970680089437268
139.75,1.1544788348016922e-07,0.9812722298130058,5.88117758056905e-10,1.0970042272771907
140.0,1.1523166936830929e-07,0.979438403518853,5.849323318188288e-10,1.096908491417487
