E_keV,charge_shape_m1000,magnetic_shape_m1000
5.4,413.4293230655853,3.4178541226432664
5.565375,397.8250510400416,3.3906548247143977
5.7307500000000005,383.1449906288737,3.3636463838135473
5.8961250000000005,369.31122422218016,3.3368276054283386
6.0615000000000006,356.2543383401767,3.310197301812529
6.226875000000001,343.9122943538172,3.2837542919508813
6.392250000000001,332.22947450012384,3.2574974015241844
6.557625000000001,321.15587224725346,3.231425462874454
6.723000000000001,310.64640215389886,3.2055373149703055
6.888375000000001,300.66030914141686,3.179831803372478
7.053750000000001,291.1606608635833,3.1543077801995407
7.219125000000001,282.11390984882775,3.128964104093747
7.384500000000001,273.4895144771228,3.103799640187083
7.549875,265.25960977039045,3.0788132600674385
7.715250000000001,257.3987205222182,3.0540038417449833
7.880625,249.88351054744933,3.0293702696186684
8.046000000000001,242.6925628548689,3.0049114344429166
8.211375,235.80618638350407,2.9806262332944624
8.376750000000001,229.2062456315786,2.956513569539351
8.542125,222.87601007572016,2.932572352800103
8.707500000000001,216.80002074938864,2.908801498923025
8.872875,210.96397174180225,2.8851999299457027
9.038250000000001,205.35460470632947,2.861766574064618
9.203625,199.95961474203065,2.8385003656029575
9.369,194.7675662430891,2.815400244978549
9.534375,189.76781750587452,2.792465158671964
9.699750000000002,184.95045304844933,2.7696940591947863
9.865125,180.30622273750072,2.747085905058004
10.0305,175.8264869370493,2.7246396607405976
10.195875000000001,171.50316699523142,2.702354296658233
10.361250000000002,167.32870047275046,2.6802287891321437
10.526625000000001,163.29600059155052,2.6582621203581507
10.692,159.39841944678872,2.636453278375826
10.857375000000001,155.6297145808578,2.6148012570378114
11.022750000000002,151.9840185663737,2.593305055979292
11.188125000000001,148.4558112867906,2.5719636805876136
11.3535,145.03989463959033,2.5507761419720394
11.518875000000001,141.73136941858033,2.5297414569336683
11.684250000000002,138.52561415940536,2.5088586479354866
11.849625000000001,135.41826575647784,2.488126743072579
12.015,132.40520168065672,2.4675447760424745
12.180375000000002,129.48252364553696,2.4471117861156246
12.345750000000002,126.64654258651942,2.426826818106069
12.511125000000002,123.89376483119113,2.406688922342183
12.6765,121.2208793522255,2.3866971546376217
12.841875000000002,118.62474600521924,2.3668505762623697
13.007250000000003,116.10238466380815,2.3471482539139576
13.172625000000002,113.65096517320703,2.327589259688793
13.338000000000001,111.26779805114266,2.3081726710536574
13.503375000000002,108.95032587210571,2.2888975708173223
13.668750000000001,106.6961152770514,2.2697630471023142
13.834125000000002,104.50284955621096,2.250768193316813
13.999500000000001,102.3683217576239,2.231912108126694
14.164875000000002,100.29042827842588,2.213193895427695
14.330250000000001,98.26716289989463,2.1946126643177344
14.495625000000002,96.29661123081488,2.176167529069346
14.661000000000001,94.37694552692214,2.1578576091022716
14.826375000000002,92.50641985706082,2.1396820289561655
14.991750000000001,90.68336558928472,2.12163991826345
15.157125000000002,88.9061871724643,2.10373041172229
15.322500000000002,87.17335819107444,2.085952649069708
15.487875000000003,85.48341767274503,2.06830577505483
15.653250000000002,83.8349666298802,2.050788939412266
15.818625000000003,82.22666481821777,2.033401296835606
15.984000000000002,80.657227696617,2.016142006951064
16.149375,79.12542357364946,1.9990102342912448
16.314750000000004,77.63007092773913,1.9820051482690348
16.480125,76.17003588866055,1.9651259231516258
16.645500000000002,74.74422986917274,1.9483717380346695
16.810875000000003,73.35160733645125,1.931741776816544
16.97625,71.99116371378464,1.915235228172771
17.141625,70.66193340373825,1.8988512855305366
17.307000000000002,69.36298792466083,1.8825891470433485
17.472375,68.09343415302466,1.8664480155658176
17.637750000000004,66.85241266465209,1.8504270986285578
17.803125,65.63909616839965,1.834525608413215
17.968500000000002,64.4526880263421,1.818742761727618
18.133875000000003,63.29242085493527,1.8030777799810522
18.29925,62.157555202034075,1.7875298891596472
18.464625,61.04737829501068,1.7720983198019031
18.630000000000003,59.9612028555544,1.7567823069743174
18.795375,58.89836597704651,1.7415810902471451
18.960750000000004,57.85822806068922,1.7264939136702793
19.126125000000002,56.84017180683322,1.711520025749239
19.291500000000003,55.84360125819051,1.6966586794212852
19.456875000000004,54.86794089184675,1.6819091320316564
19.62225,53.912634757192926,1.6672706453099155
19.787625000000002,52.97714565709064,1.6527424853464132
19.953000000000003,52.060954369762534,1.6383239225688746
20.118375,51.163558909064456,1.6240142317190962
20.283750000000005,50.28447382094852,1.609812691829756
20.449125000000002,49.42322951406908,1.5957185862013499
20.614500000000003,48.57937162261321,1.581731202379224
20.779875000000004,47.752460399561485,1.5678498321307428
20.94525,46.942070138696394,1.554073771422546
21.110625000000002,46.14778862378239,1.5404023203979402
21.276000000000003,45.369216603439135,1.5268347833543885
21.441375,44.60596729032053,1.5133704687211191
21.606750000000005,43.857665883297315,1.50000868903684
21.772125000000003,43.12394911142046,1.4867487609275682
21.9375,42.40446479851534,1.4735900050845663
22.102875000000004,41.69887144732683,1.4605317462423901
22.268250000000002,41.00683784219844,1.4475733131570467
22.433625,40.328042669329264,1.4347140385842578
22.599000000000004,39.66217415370829,1.4219532592578301
22.764375,39.00892971187811,1.409290315868141
22.929750000000006,38.36801561972841,1.396724553040724
23.095125000000003,37.7391466945665,1.3842553193149627
23.2605,37.12204599075364,1.371881967122889
23.425875000000005,36.5164445082375,1.3596038527680945
23.591250000000002,35.922080913347195,1.3474203364047355
23.756625,35.33870127125386,1.3353307820166518
23.922000000000004,34.76605878953208,1.3233345573965858
24.087375,34.20391357228848,1.3114310341255064
24.252750000000006,33.65203238435341,1.2996195875520342
24.418125000000003,33.110188425058325,1.287899596771974
24.5835,32.57816111114753,1.2762704446079387
24.748875000000005,32.055735868397186,1.2647315175890927
24.914250000000003,31.542703931536803,1.2532822059309767
25.079625,31.03886215209002,1.2419219035154536
25.245000000000005,30.544012813771417,1.2306500078707292
25.410375000000002,30.057963455095567,1.2194659201515041
25.575750000000006,29.580526698870976,1.2083690451191973
25.741125000000004,29.111520088270307,1.1973587911222814
25.9065,28.650765929182242,1.1864345700767212
26.071875000000006,28.198091138566355,1.1755957974464961
26.237250000000003,27.753327098546244,1.1648418922242327
26.402625,27.316309515988888,1.1541722769119296
26.568000000000005,26.886878287331676,1.1435863775017725
26.733375000000002,26.464877368429544,1.133083623457064
26.89875,26.050154649206178,1.1226634476932253
27.064125000000004,25.64256183290387,1.1123252865589128
27.2295,25.241954319736518,1.102068579817218
27.394875000000006,24.84819109475948,1.091892770626965
27.560250000000003,24.461134619779624,1.081797305524108
27.725625,24.080650729136185,1.0717816344032112
27.891000000000005,23.706608529192323,1.0618452104990277
28.056375000000003,23.338880301384194,1.0519874903681767
28.22175,22.977341408681166,1.0422079338709025
28.387125000000005,22.62187020531849,1.0325060041529266
28.552500000000002,22.27234794966983,1.0228811676274043
28.717875000000006,21.928658720132457,1.013332893956956
28.883250000000004,21.590689333905015,1.003860656035794
29.048625,21.258329268542184,0.9944639299719478
29.214000000000006,20.93147058617631,0.985142195069562
29.379375000000003,20.61000786030105,0.9758949338113083
29.54475,20.29383810501612,0.9667216318408551
29.710125000000005,19.982860706638036,0.957621777945457
29.875500000000002,19.676977357584406,0.9485948640386073
30.040875000000007,19.376091992444575,0.9396403851427919
30.206250000000004,19.080110726152782,0.9307578393723304
30.371625,18.788941794183465,0.9219467279162943
30.537000000000006,18.502495494692244,0.9132065550215207
30.702375000000004,18.220684132529293,0.9045368279757107
30.86775,17.943421965054437,0.8959370570906077
31.033125000000005,17.670625149687314,0.8874067556852666
31.198500000000003,17.40221169312787,0.8789454400694098
31.363875000000007,17.138101402185455,0.870552629526855
31.529250000000005,16.87821583615785,0.8622278462990454
31.694625000000002,16.622478260703083,0.8539706155686495
31.860000000000007,16.37081360315016,0.8457804654432434
32.025375000000004,16.12314840919671,0.8376569269390933
32.19075,15.879410800943205,0.8295995339649948
32.356125000000006,15.639530436216496,0.8216078233062156
32.5215,15.403438469136466,0.8136813346085103
32.686875,15.171067511881656,0.8058196103622157
32.852250000000005,14.942351597611903,0.7980221958864302
33.017625,14.71722614450727,0.7902886393132743
33.18300000000001,14.495627920884102,0.7826184915722272
33.348375000000004,14.277495011351307,0.7750113063745465
33.51375,14.062766783970371,0.7674666401977666
33.679125000000006,13.85138385838499,0.7599840522702721
33.844500000000004,13.643288074887021,0.7525631045559621
34.009875,13.438422464386708,0.7452033617389738
34.175250000000005,13.23673121925687,0.7379043912084987
34.340625,13.03815966502129,0.730665763043675
34.50600000000001,12.842654232859132,0.7234870499985482
34.671375000000005,12.650162432898071,0.7163678274871181
34.83675,12.460632828269937,0.7093076735684576
35.00212500000001,12.274015009903579,0.7023061689319052
35.167500000000004,12.090259572030897,0.6953628968823425
35.332875,11.909318088382289,0.6884774433255332
35.498250000000006,11.731143089049416,0.6816493967535517
35.663625,11.555688037993335,0.6748783482302743
35.82900000000001,11.382907311177265,0.6681638913769523
35.994375000000005,11.212756175303888,0.661505622357856
36.15975,11.04519076713776,0.6549031398659915
36.32512500000001,10.880168073394227,0.6483560451088919
36.490500000000004,10.717645911176913,0.6418639417944829
36.655875,10.557582908946276,0.6354264361170183
36.821250000000006,10.399938488002748,0.6290431367430892
36.986625000000004,10.244672844468157,0.6227136547977032
37.152,10.091746931750055,0.6164376038504373
37.317375000000006,9.941122443473809,0.6102145999016619
37.48275,9.792761796868147,0.6040442613688348
37.648125,9.64662811659006,0.5979262090728625
37.813500000000005,9.502685218975765,0.5918600662245397
37.978875,9.360897596704625,0.58584545841105
38.14425,9.221230403863448,0.5798820135825431
38.309625000000004,9.083649441399196,0.5739693620387722
38.475,8.948121142948358,0.5681071364158152
38.640375000000006,8.81461256103154,0.562294971672845
38.80575,8.683091353602672,0.5565325050789838
38.971125,8.553525770942006,0.5508193762002205
39.136500000000005,8.42588464288286,0.5451552268863894
39.301875,8.300137366362332,0.5395397012582271
39.46725,8.1762538932863,0.5339724456944865
39.632625000000004,8.054204718699648,0.5284531088191232
39.798,7.933960869252879,0.5229813414885465
39.963375000000006,7.815493891956301,0.517556796778933
40.128750000000004,7.698775843213788,0.5121791299736153
40.294125,7.583779278127785,0.5068479985505222
40.459500000000006,7.470477240068014,0.5015630621696971
40.624875,7.358843250496245,0.49632398266087263
40.79025,7.248851299039815,0.4911304240111124
40.955625000000005,7.14047583380707,0.48598205235251785
41.121,7.033691751937614,0.48087853594999685
41.28637500000001,6.9284743903810035,0.4758195451890953
41.451750000000004,6.824799516897473,0.47080475256389764
41.617125,6.722643321274335,0.4658338326649802
41.782500000000006,6.621982406752316,0.46090646216743597
41.947875,6.522793781655892,0.45602231981895963
42.11325,6.425054851221948,0.45118108642798793
42.278625000000005,6.328743409621507,0.44638244485191136
42.444,6.2338376321691475,0.44162607998534287
42.609375,6.140316067714937,0.4369116787484456
42.774750000000004,6.04815763121409,0.43223893007532266
42.940125,5.957341596469452,0.42760752490247145
43.105500000000006,5.86784758904218,0.42301715615729213
43.270875000000004,5.779655579326129,0.4184675187466576
43.43625,5.6927458757815685,0.4139583095455481
43.601625000000006,5.607099118323988,0.40948922738573723
43.767,5.522696271863891,0.40505997304454233
43.932375,5.439518619993586,0.4006702492336326
44.097750000000005,5.357547758817128,0.39631976058789553
44.263125,5.27676559091963,0.392008213654359
44.42850000000001,5.197154319472335,0.38773531688117635
44.593875000000004,5.118696442469914,0.3835007806066644
44.75925,5.041374747096544,0.3793043170484014
44.924625000000006,4.965172304217473,0.37514564029238107
45.09,4.890072462992839,0.37102446628222424
45.255375,4.816058845610556,0.36694051280844536
45.420750000000005,4.743115342135333,0.36289349949777705
45.586125,4.671226105470779,0.35888314780255026
45.75150000000001,4.60037554643176,0.35490918099012897
45.916875000000005,4.530548328924233,0.3509713241324019
46.08225,4.461729365229839,0.34706930409532866
46.247625000000006,4.393903811392619,0.3432028495285395
46.413000000000004,4.327057062705349,0.3393716908549932
46.578375,4.261174749292934,0.3355755602606849
46.743750000000006,4.196242731790518,0.33181419168441173
46.909125,4.132247097113969,0.3280873208075913
47.07450000000001,4.069174154320375,0.32439468504413105
47.239875000000005,4.007010430556474,0.32073602353035496
47.40525,3.9457426670927704,0.31711107711498226
47.57062500000001,3.8853578154412354,0.3135195883491559
47.736000000000004,3.8258430335546842,0.3099613014765283
47.901375,3.7671856821056835,0.3064359624233951
48.066750000000006,3.7093733208431963,0.3029433187888848
48.232125,3.6523937050250455,0.29948311983519615
48.3975,3.596234781924362,0.29605511647789146
48.562875000000005,3.5408846874083104,0.29265906127623786
48.72825,3.486331742587263,0.28929470842360017
48.89362500000001,3.4325644505328996,0.2859618137378861
49.059000000000005,3.3795714930634557,0.2826601346520414
49.224375,3.3273417275946198,0.2793894302045933
49.38975000000001,3.275864184054529,0.2761494610302472
49.555125000000004,3.225128061861331,0.2729399893505312
49.7205,3.1751227269618822,0.2697607789644904
49.885875000000006,3.125837708930129,0.26661159523943073
50.05125,3.0772626981238367,0.26349220510171206
50.21662500000001,3.029387542898246,0.26040237702759084
50.382000000000005,2.9822022468754206,0.25734188103410893
50.547375,2.9356969662679426,0.2543104886700345
50.71275000000001,2.889862007255749,0.2513079730068462
50.878125000000004,2.8446878234148953,0.24833410862977112
51.0435,2.800165013197043,0.24538867162886535
51.208875000000006,2.7562843174585296,0.24247143959014422
51.37425,2.7130366170379245,0.23958219158676056
51.53962500000001,2.6704129303809228,0.23672070817022733
51.705000000000005,2.6284044112115845,0.23388677136169042
51.870375,2.587002346248807,0.23108016464324416
52.03575000000001,2.5461981529670927,0.22830067294929646
52.201125000000005,2.505983377400565,0.22554808265797832
52.3665,2.4663496919893,0.22282218158259906
52.53187500000001,2.4272888934670567,0.22012275896314823
52.697250000000004,2.388792900789448,0.21744960545784192
52.86262500000001,2.350853753101696,0.21480251313471416
53.028000000000006,2.3134636077451143,0.21218127546325588
53.193375,2.276614738301405,0.20958568730609303
53.35875000000001,2.240299532674051,0.20701554491071555
53.524125000000005,2.2045104912058955,0.2044706459012463
53.6895,2.169240224832192,0.2019507892702554
53.85487500000001,2.1344814532683314,0.19945577537062004
54.020250000000004,2.1002270032315047,0.19698540590742455
54.185625,2.0664698066955696,0.19453948392990636
54.351000000000006,2.0332028991784186,0.19211781382344492
54.516375000000004,2.00041941806116,0.18972020130159348
54.68175000000001,1.968112600938397,0.18734645339815245
54.847125000000005,1.936275783999009,0.18499637845928732
55.0125,1.9049024004367303,0.18266978613568793
55.17787500000001,1.8739859788899258,0.18036648737476896
55.343250000000005,1.843520141909962,0.17808629441291435
55.508625,1.8134986044575352,0.17582902076776252
55.67400000000001,1.7839151724264204,0.1735944812305325
55.839375000000004,1.754763741194017,0.17138249185839274
56.00475000000001,1.7260382941981822,0.16919286996686914
56.170125000000006,1.6977329015397888,0.16702543412229723
56.3355,1.669841718610449,0.1648800041343103
56.50087500000001,1.642358984744934,0.16275640104837308
56.666250000000005,1.6152790218977595,0.16065444713835297
56.831625,1.5885962333434165,0.15857396589913106
56.99700000000001,1.5623051023998102,0.1565147820392547
57.162375000000004,1.53640019117441,0.1544767214736289
57.32775000000001,1.5108761393326373,0.15245961131624694
57.493125000000006,1.4857276628880713,0.1504632798729617
57.658500000000004,1.4609495530140024,0.1484875566342943
57.82387500000001,1.436536674875921,0.14653227226828264
57.989250000000006,1.4124839664845221,0.1445972586133702
58.154625,1.3887864375687853,0.14268234867132934
58.32000000000001,1.3654391684687806,0.1407873766002276
58.485375000000005,1.3424373090477593,0.13891217770742884
58.65075,1.3197760776231717,0.13705658844263482
58.81612500000001,1.297450759916222,0.13522044639096226
58.981500000000004,1.2754567080196153,0.13340359026605905
59.14687500000001,1.2537893393831112,0.1316058599032581
59.312250000000006,1.2324441358165523,0.12982709625276667
59.477625,1.2114166425100272,0.12806714137289532
59.64300000000001,1.1907024670708033,0.12632583842332112
59.808375000000005,1.170297278576752,0.12460303165838973
59.97375,1.1501968066458956,0.12289856642045227
60.13912500000001,1.130396840521795,0.12121228913324017
60.304500000000004,1.1108932281744606,0.11954404729527454
60.46987500000001,1.0916818754164812,0.11789368947331261
60.635250000000006,1.072758745034098,0.11626106529582991
60.800625000000004,1.0541198559329026,0.11464602544653688
60.96600000000001,1.0357612822979223,0.11304842165793293
61.131375000000006,1.0176791527677744,0.1114681067048941
61.29675,0.9998696496226566,0.1099049343982962
61.46212500000001,0.982329007985884,0.10835875957867347
61.627500000000005,0.9650535150387377,0.10682943810991088
61.79287500000001,0.9480395092483536,0.10531682687297224
61.95825000000001,0.9312833796084248,0.10382078375966211
62.123625000000004,0.9147815648924531,0.10234116766642073
62.28900000000001,0.8985305529193435,0.10087783848815568
62.454375000000006,0.882526879831084,0.0994306571121053
62.61975,0.8667671293822956,0.0979994854117359
62.78512500000001,0.8512479322414357,0.09658418624067365
62.950500000000005,0.8359659653034357,0.09518462342666922
63.11587500000001,0.8209179510135483,0.09380066176559469
63.28125000000001,0.8061006567022254,0.09243216701547577
63.446625000000004,0.7915108939307895,0.09107900589055462
63.61200000000001,0.7771455178477216,0.08974104605538583
63.777375000000006,0.7630014265553777,0.08841815611896688
63.942750000000004,0.7490755604869098,0.08711020562889814
64.10812500000002,0.7353649017932392,0.08581706506557674
64.27350000000001,0.7218664737398884,0.08453860583642249
64.43887500000001,0.7085773401134784,0.08327470027013517
64.60425000000001,0.6954946046377358,0.08202522161098358
64.769625,0.6826154103988293,0.08079004401312657
64.93500000000002,0.6699369392798612,0.07956904253496495
65.10037500000001,0.6574564114043662,0.07836209313352546
65.26575000000001,0.6451710845886292,0.07716907265887461
65.43112500000001,0.6330782538026956,0.0759898588485646
65.5965,0.6211752506398922,0.07482433032210965
65.761875,0.6094594427947216,0.07367236657549288
65.92725000000002,0.5979282335489728,0.07253384797570278
66.09262500000001,0.5865790612659172,0.07140865575530285
66.25800000000001,0.575409398892421,0.07029667200702738
66.42337500000001,0.5644167534688552,0.06919777967841009
66.58875,0.5535986656466697,0.06811186256644249
66.75412500000002,0.5429527092134672,0.0670388053122605
66.91950000000001,0.5324764906254843,0.06597849339586204
67.08487500000001,0.522167648547313,0.06493081313085262
67.25025000000001,0.5120238533987672,0.0638956516592218
67.415625,0.5020428069087474,0.06287289694614796
67.58100000000002,0.4922222416759965,0.0618624377748313
67.74637500000001,0.48255992073661835,0.06086416374135731
67.91175000000001,0.47305363713824455,0.05987796524958766
68.07712500000001,0.4637012135207337,0.05890373350607941
68.2425,0.45450050170330003,0.057941360515034686
68.407875,0.4454493822779376,0.05699073907327498
68.57325000000002,0.4365457642090645,0.05605176276524759
68.73862500000001,0.42778758443925174,0.055124325958057316
68.90400000000001,0.41917280750094554,0.05420832379652627
69.06937500000001,0.4106994251340838,0.053303652198282585
69.23475,0.40236545590949896,0.05241020784887529
69.40012500000002,0.3941689448580149,0.051527888196917684
69.56550000000001,0.38610796310513945,0.05065659144925736
69.73087500000001,0.37818060751125127,0.04979621656617281
69.89625000000001,0.37038500031720245,0.048946663256598404
70.06162500000002,0.3627192887952366,0.04810783197337486
70.22700000000002,0.35518164490513343,0.04727962390852796
70.39237500000002,0.34777026495548913,0.0464619409885713
70.55775000000001,0.34048336927005945,0.04565468586983837
70.72312500000001,0.3333192018590661,0.044857761933838836
70.88850000000001,0.3262760300953977,0.044071073282642356
71.05387500000002,0.31935214439560256,0.04329452473428676
71.21925000000002,0.31254585790562817,0.042528021818214586
71.38462500000001,0.30585550619118945,0.04177147077073268
71.55000000000001,0.29927944693272024,0.04102477853049911
71.71537500000001,0.29281605962481894,0.04028785273403563
71.88075000000002,0.28646374528011204,0.03956060171126426
72.04612500000002,0.2802209261374746,0.03884293448107064
72.21150000000002,0.2740860453745208,0.03813476074689108
72.37687500000001,0.2680575668243098,0.03743599089232567
72.54225000000001,0.2621339746961896,0.03674653597677553
72.70762500000002,0.2563137733007108,0.03606630773110542
72.87300000000002,0.25059548677855437,0.035395218553330485
73.03837500000002,0.24497765883339062,0.03473318150432734
73.20375000000001,0.23945885246862295,0.03408011030356993
73.36912500000001,0.2340376497279482,0.03343591932488961
73.53450000000001,0.22871265143966346,0.032800523592258934
73.69987500000002,0.22348247696467374,0.03217383877559934
73.86525000000002,0.21834576394813074,0.03155578118661369
74.03062500000001,0.21330116807464636,0.030946267774641222
74.19600000000001,0.20834736282702807,0.030345216122536895
74.36137500000001,0.20348303924847505,0.029752544442574233
74.52675000000002,0.19870690570818067,0.029168171572370595
74.69212500000002,0.19401768767029476,0.028592016970837398
74.85750000000002,0.18941412746617636,0.028024000714151828
75.02287500000001,0.18489498406990407,0.02746404349175259
75.18825000000001,0.18045903287697637,0.02691206660235748
75.35362500000001,0.1761050654861619,0.026367991950005106
75.51900000000002,0.17183188948444653,0.025831742040118455
75.68437500000002,0.16763832823502725,0.025303239975590662
75.84975000000001,0.16352322066830643,0.024782409452894078
76.01512500000001,0.15948542107584185,0.024269174758210776
76.18050000000001,0.15552379890720147,0.02376346076358596
76.34587500000002,0.15163723856968114,0.023265192923102845
76.51125000000002,0.1478246392308436,0.022774297269080212
76.67662500000002,0.14408491462382342,0.022290700408290832
76.84200000000001,0.14041699285536963,0.021814329518202454
77.00737500000001,0.13681981621657477,0.021345112343240005
77.17275000000002,0.13329234099625042,0.020882977191069366
77.33812500000002,0.12983353729691016,0.020427852928902826
77.50350000000002,0.1264423888533159,0.019979668979825
77.66887500000001,0.12311789285355626,0.019538355319141065
77.83425000000001,0.11985905976260723,0.019103842470745147
77.99962500000001,0.11666491314834605,0.018676061503509908
78.16500000000002,0.11353448950997791,0.018254944027697215
78.33037500000002,0.11046683810883633,0.017840422191389278
78.49575000000002,0.10746102080152564,0.017432428676940795
78.66112500000001,0.10451611187536383,0.017030896697450653
78.82650000000001,0.10163119788609914,0.01663575999325522
78.99187500000002,0.09880537749785799,0.01624695282844151
79.15725000000002,0.09603776132529543,0.01586440998738003
79.32262500000002,0.09332747177791328,0.015488066771278649
79.48800000000001,0.09067364290651211,0.015117858994755443
79.65337500000001,0.08807542025174898,0.0147537229824325
79.81875000000001,0.08553196069476333,0.014395595565548395
79.98412500000002,0.08304243230984665,0.014043414078591495
80.14950000000002,0.08060601421911905,0.013697116355951576
80.31487500000001,0.07822189644918842,0.013356640728592255
80.48025000000001,0.07588927978975875,0.013021926020741634
80.64562500000001,0.0736073756541586,0.012692911546602728
80.81100000000002,0.0713754059417662,0.012369537107083356
80.97637500000002,0.06919260290229547,0.012051742986544534
81.14175000000002,0.06705820900192115,0.011739469949568072
81.30712500000001,0.06497147679121386,0.011432659237743097
81.47250000000001,0.06293166877485823,0.01113125256647116
81.63787500000002,0.06093805728312844,0.010835192121790405
81.80325000000002,0.058989924345095125,0.010544420557217831
81.96862500000002,0.057086561563537815,0.010258880990610397
82.13400000000001,0.05522726999153722,0.009978517001044062
82.29937500000001,0.05341136001072692,0.009703272625711903
82.46475000000001,0.0516381512111734,0.009433092356839406
82.63012500000002,0.04990697227286682,0.00916792113861867
82.79550000000002,0.04821716084879616,0.008907704364160256
82.96087500000002,0.04656806344958507,0.00865238787246277
83.12625000000001,0.04495903532966841,0.008401917945400775
83.29162500000001,0.04338944037498475,0.00815624130472982
83.45700000000002,0.041858650992163966,0.007915305109109445
83.62237500000002,0.04036604799918824,0.007679056951143781
83.78775000000002,0.038911020517505425,0.007447444854439199
83.95312500000001,0.03749296586557259,0.007220417270679713
84.11850000000001,0.036111289453811,0.0069979230767192695
84.28387500000002,0.034765404680951524,0.0067799115716915105
84.44925000000002,0.03345473283175066,0.006566332474136593
84.61462500000002,0.032178702976055476,0.006357135919144533
84.78000000000002,0.030936751869202955,0.006152272455515992
84.94537500000001,0.029728323853729605,0.005951693042939579
85.11075000000001,0.02855287076237646,0.005755349049186048
85.27612500000002,0.027409851822367787,0.005563192247318714
85.44150000000002,0.02629873356094921,0.0053751748129209085
85.60687500000002,0.02521898971216368,0.00519124932133962
85.77225000000001,0.024170101124849467,0.005011368744945292
85.93762500000001,0.023151555671845066,0.004835486450408519
86.10300000000002,0.022162848160378,0.004663556195992117
86.26837500000002,0.021203480243628163,0.004495532128859973
86.43375000000002,0.020272960333443325,0.004331368782401545
86.59912500000002,0.019370803514193888,0.004171021073572291
86.76450000000001,0.018496531457749682,0.004014444300250166
86.92987500000001,0.017649672339563542,0.0038615941386076842
87.09525000000002,0.01682976075584541,0.0037124266404997192
87.26062500000002,0.016036337641813055,0.003566898230866896
87.42600000000002,0.0152689501910026,0.0034249657051544018
87.59137500000001,0.01452715177562608,0.003286586226746385
87.75675000000001,0.013810501867960128,0.0031517173244156216
87.92212500000002,0.013118565962751629,0.00302031688978834
88.08750000000002,0.01245091550062689,0.002892343174824488
88.25287500000002,0.011807127792489283,0.0027677547893127114
88.41825000000001,0.011186785944893292,0.002646510698380713
88.58362500000001,0.010589478786379801,0.002528570220020354
88.74900000000002,0.010014800794760869,0.0024138930226277663
88.91437500000002,0.009462352025339196,0.0023024391225579116
89.07975000000002,0.008931738040051545,0.002194168881694266
89.24512500000002,0.008422569837521576,0.0020890430050329086
89.41050000000001,0.007934463784010297,0.0019870225382810037
89.57587500000001,0.007467041545252641,0.0018880688654700955
89.74125000000002,0.0070199300191662985,0.0017921437065835104
89.90662500000002,0.006592761269422658,0.0016992091151981474
90.07200000000002,0.006185172459867015,0.0016092274761405863
90.23737500000001,0.005796805789776725,0.0015221615031571786
90.40275000000001,0.005427308429946133,0.0014379742365984037
90.56812500000002,0.005076332459586857,0.0013566290411171056
90.73350000000002,0.004743534804032039,0.0012780896033806105
90.89887500000002,0.004428577173234792,0.0012023199297969457
91.06425000000002,0.004131126001048474,0.0011292843442545595
91.22962500000001,0.0038508523852794356,0.0010589474858758228
91.39500000000001,0.0035874320285016205,0.0009912743067842793
91.56037500000002,0.003340545179622291,0.0009262300698853477
91.72575000000002,0.0031098765761890285,0.0008637803466604472
91.89112500000002,0.0028951153874284367,0.0008038910149747535
92.05650000000001,0.0026959551580058136,0.0007465282568979929
92.22187500000001,0.0025120937524971167,0.0006916585565387877
92.38725000000002,0.002343233300562839,0.0006392486978919663
92.55262500000002,0.0021890801428152322,0.000589265762699201
92.71800000000002,0.0020493447773687083,0.000541677128322519
92.88337500000002,0.00192374180706495,0.0004964504656308794
93.04875000000001,0.0018119898873636994,0.00045355373689966963
93.21412500000002,0.0017138116748899612,0.00041295519372303545
93.37950000000002,0.0016289337766293116,0.000374623374938945
93.54487500000002,0.0015570866997624438,0.0003385271045669815
93.71025000000002,0.0014980048021306638,0.0003046354897588026
93.87562500000001,0.0014514262433236729,0.0002729179187610595
94.04100000000001,0.0014170929363820101,0.00024334405889097886
94.20637500000002,0.00139475050010513,0.0002158838545241711
94.37175000000002,0.001384148211958011,0.0001905075250949789
94.53712500000002,0.0013850389615678955,0.00016718556310900575
94.70250000000001,0.0013971792048034948,0.00014588873216793183
94.86787500000001,0.0014203289184289117,0.0001265880650064205
95.03325000000002,0.0014542515553250832,0.00010925486154122295
95.19862500000002,0.0014987140002708686,9.386068693220414e-05
95.36400000000002,0.0015534865262766327,8.037736965538538e-05
95.52937500000002,0.0016183427514630839,6.877699958787625e-05
95.69475000000001,0.0016930595964783383,5.903192610463941e-05
95.86012500000001,0.0017774172424459868,5.111475618699747e-05
96.02550000000002,0.0018711990894372786,4.499835254289306e-05
96.19087500000002,0.0019741917154608084,4.065583173872421e-05
96.35625000000002,0.0020861848359625397,3.8060562342792644e-05
96.52162500000001,0.002206971263830101,3.718616308027189e-05
96.68700000000001,0.002336346869894223,3.800650099958386e-05
96.85237500000002,0.002474110543921287,4.049568965019742e-05
97.01775000000002,0.0026200641560903794,4.4628087271733155e-05
97.18312500000002,0.0027740125189487166,5.0378294994329756e-05
97.34850000000002,0.002935763349839288,5.7721155050206044e-05
97.51387500000001,0.003105127233794268,6.663174899637801e-05
97.67925000000002,0.0032819175868887556,7.708539594842633e-05
97.84462500000002,0.0034659506200483076,8.905765082529074e-05
98.01000000000002,0.0036570453033050484,0.00010252430260502483
98.17537500000002,0.0038550233304959864,0.00011746137259144306
98.34075000000001,0.004059709084398133,0.000133845112691583
98.50612500000001,0.004270929602294991,0.00015165200370397512
98.67150000000002,0.004488514541968547,0.00017085875361759408
98.83687500000002,0.00471229614811134,0.00019144229592149163
99.00225000000002,0.004942109219153759,0.00021337978792501894
99.16762500000002,0.0051777910745003765,0.0002366486090885593
99.33300000000001,0.005419181522170885,0.0002612263593648053
99.49837500000002,0.005666122826840095,0.0002870908575503912
99.66375000000002,0.0059184596782717765,0.00031422013964792385
99.82912500000002,0.006176039160141862,0.0003425924572383178
99.99450000000002,0.006438710719245523,0.00037218627586338107
100.15987500000001,0.006706326135083375,0.00040298027341859977
100.32525000000003,0.006978739489822179,0.00043495333855601874
100.49062500000002,0.007255807138625151,0.00046808456909726564
100.65600000000002,0.007537387680347193,0.0005023532704565578
100.82137500000002,0.007823341928590579,0.0005377389540737155
100.98675000000001,0.008113532883115967,0.0005742213358570023
101.15212500000001,0.008407825701605351,0.000611780334635943
101.31750000000002,0.008706087671771428,0.0006503960706238851
101.48287500000002,0.009008188183809182,0.0006900488638902492
101.64825000000002,0.009313998703186424,0.0007307192328426255
101.81362500000002,0.009623392743767388,0.0007723878927183654
101.97900000000001,0.009936245841266428,0.0008150357540858092
102.14437500000003,0.010252435527027398,0.000858643921355106
102.30975000000002,0.010571841302123904,0.0009031936912984259
102.47512500000002,0.010894344611777695,0.0009486665515796298
102.64050000000002,0.011219828820090146,0.0009950441792933706
102.80587500000001,0.011548179185083165,0.0010423084395134133
102.97125000000001,0.011879282834045919,0.0010904413838503258
103.13662500000002,0.012213028739183535,0.0011394252490182874
103.30200000000002,0.012549307693563435,0.0011892424554111962
103.46737500000002,0.012888012287356403,0.001239875605687721
103.63275000000002,0.013229036884368297,0.0012913074833656142
103.79812500000001,0.013572277598858557,0.0013435210514248675
103.96350000000002,0.01391763227264246,0.001396499450919931
104.12887500000002,0.014265000452473125,0.0014502259996007775
104.29425000000002,0.014614283367700088,0.0015046841905428975
104.45962500000002,0.014965383908201166,0.0015598576907861024
104.62500000000001,0.01531820660258339,0.001615730339981967
104.79037500000003,0.015672657596651016,0.0016722861490502208
104.95575000000002,0.01602864463213561,0.0017295092988435148
105.12112500000002,0.016386077025687087,0.0017873841388211039
105.28650000000002,0.01674486564812003,0.0018458951857308102
105.45187500000002,0.017104922903914528,0.0019050271222997794
105.61725000000001,0.0174661627109663,0.0019647647959334484
105.78262500000002,0.017828500480584892,0.0020250932174231792
105.94800000000002,0.018191853097735085,0.0020859975596620316
106.11337500000002,0.018556138901520216,0.002147463156369084
106.27875000000002,0.018921277665903062,0.0022094755008218625
106.44412500000001,0.01928719058066249,0.002272020244597146
106.60950000000003,0.019653800232581797,0.002335083196319831
106.77487500000002,0.020021030586866904,0.0023986503204200126
106.94025000000002,0.02038880696879154,0.002462707735898182
107.10562500000002,0.02075705604556539,0.0025272417150983785
107.27100000000002,0.02112570580842424,0.002592238682489448
107.43637500000001,0.021494685554938206,0.0026576852134541956
107.60175000000002,0.021863925871535655,0.0027235680330864732
107.76712500000002,0.022233358616240307,0.002789874014996164
107.93250000000002,0.02260291690161905,0.0028565901801218684
108.09787500000002,0.02297253507793736,0.002923703695551597
108.26325000000001,0.023342148716520468,0.0029912018733509456
108.42862500000003,0.02371169459331701,0.003059072169399122
108.59400000000002,0.024081110672663622,0.0031273021822325825
108.75937500000002,0.024450336091247162,0.003195879651896243
108.92475000000002,0.02481931114226247,0.0032647924588022495
109.09012500000001,0.02518797725976385,0.0033340286225963635
109.25550000000003,0.025556277003206684,0.0034035763010316577
109.42087500000002,0.025924154042178068,0.0034734237888497696
109.58625000000002,0.02629155314131361,0.003543559516669446
109.75162500000002,0.026658420145398237,0.003613972049882612
109.91700000000002,0.027024701964648512,0.0036846500875574797
110.08237500000001,0.027390346560174885,0.0037555824613491468
110.24775000000002,0.027755302929621098,0.0038267581344172573
110.41312500000002,0.028119521092978883,0.0038981662003510185
110.57850000000002,0.028482952078575777,0.003969795882101138
110.74387500000002,0.028845547909234083,0.004041636530919025
110.90925000000001,0.029207261588598453,0.0041136776253029765
111.07462500000003,0.02956804708763099,0.004185908769951395
111.24000000000002,0.02992785933127057,0.004258319694722997
111.40537500000002,0.030286654185255543,0.004330900253603888
111.57075000000002,0.03064438844310754,0.004403640423681665
111.73612500000002,0.03100101981327334,0.004476530304126148
111.90150000000001,0.03135650690642556,0.004549560115177298
112.06687500000002,0.03171080922291674,0.004622720197139444
112.23225000000002,0.032063887140387715,0.004696001009382595
112.39762500000002,0.032415701901527774,0.004769393129350397
112.56300000000002,0.03276621560198379,0.0048428872515745795
112.72837500000001,0.033115391178417684,0.004916474186696234
112.89375000000003,0.033463192396709786,0.004990144860493468
113.05912500000002,0.03380958384030683,0.005063890312915862
113.22450000000002,0.03415453089871233,0.005137701697125119
113.38987500000002,0.03449799975611806,0.005211570278542485
113.55525000000002,0.03483995738017469,0.005285487433902388
113.72062500000003,0.035180371510900046,0.005359444650312571
113.88600000000002,0.035519210649723014,0.005433433524320498
114.05137500000002,0.03585644404866266,0.005507445760986269
114.21675000000002,0.03619204169963864,0.005581473172961536
114.38212500000002,0.03652597432391408,0.005655507679574918
114.54750000000001,0.03685821336166706,0.0057295413059234536
114.71287500000003,0.03718873096169065,0.0058035661819703524
114.87825000000002,0.037517499971219226,0.005877574541648785
115.04362500000002,0.037844493925879776,0.005951558721971871
115.20900000000002,0.03816968703976676,0.006025511162148619
115.37437500000001,0.03849305419563857,0.006099424402705948
115.53975000000003,0.038814570935235465,0.006173291084616794
115.70512500000002,0.039134213449715696,0.006247103948434037
115.87050000000002,0.039451958570209604,0.006320855833430394
116.03587500000002,0.039767783758490535,0.006394539676744325
116.20125000000002,0.040081667097759864,0.006468148512531487
116.36662500000003,0.04039358728354623,0.006541675471122435
116.53200000000002,0.040703523614716804,0.0066151137781858115
116.69737500000002,0.04101145598459906,0.006688456753897263
116.86275000000002,0.0413173648722128,0.0067616978121143295
117.02812500000002,0.04162123133360987,0.00683483045955678
117.19350000000001,0.04192303699332088,0.006907848294992683
117.35887500000003,0.042222764035908446,0.006980745008430244
117.52425000000002,0.042520395197623406,0.007053514380314847
117.68962500000002,0.0428159137581658,0.007126150280732083
117.85500000000002,0.04310930353254682,0.007198646668616049
118.02037500000002,0.04340054886305203,0.007270997590963179
118.18575000000003,0.04368963461130391,0.007343197182051512
118.35112500000002,0.043976546150423096,0.007415239662665531
118.51650000000002,0.04426126935728672,0.007487119339326134
118.68187500000002,0.04454379060488283,0.007558830603526204
118.84725000000002,0.04482409675475972,0.007630367930971313
119.01262500000001,0.04510217514956949,0.007701725880825925
119.17800000000003,0.04537801360570388,0.007772899094964715
119.34337500000002,0.04565160040602184,0.007843882297229075
119.50875000000002,0.04592292429266811,0.007914670292689049
119.67412500000002,0.04619197445998057,0.007985257966910202
119.83950000000002,0.046458740547486534,0.00805564028522572
120.00487500000003,0.04672321263298653,0.008125812292013694
120.17025000000002,0.04698538122572382,0.008195769109979325
120.33562500000002,0.04724523725964002,0.008265505939442364
120.50100000000002,0.04750277208671436,0.008335018057629326
120.66637500000002,0.04775797747038708,0.008404300817971014
120.83175000000003,0.0480108455790642,0.008473349649404667
120.99712500000003,0.048261368979704636,0.008542160055681279
121.16250000000002,0.04850954063148729,0.008610727614677766
121.32787500000002,0.04875535387955749,0.008679047977713891
121.49325000000002,0.0489988024488522,0.008747116868874099
121.65862500000001,0.04923988043800308,0.008814930084334325
121.82400000000003,0.049478582313315436,0.008882483491693212
121.98937500000002,0.049714902902824244,0.008949773029308494
122.15475000000002,0.04994883739042384,0.009016794705637845
122.32012500000002,0.050180381310072464,0.00908354459858451
122.48550000000002,0.05040953054006962,0.009150018854847555
122.65087500000003,0.05063628129740565,0.00921621368927682
122.81625000000003,0.050860630132183386,0.00928212538423253
122.98162500000002,0.05108257392210949,0.00934775028894933
123.14700000000002,0.05130210986705624,0.009413084818904986
123.31237500000002,0.05151923548369211,0.009478125455193644
123.47775000000001,0.0517339486001804,0.009542868743903504
123.64312500000003,0.05194624735094543,0.009607311295499075
123.80850000000002,0.05215613017150507,0.009671449784207736
123.97387500000002,0.052363595793369085,0.009735280947410854
124.13925000000002,0.05256864323900271,0.009798801585039244
124.30462500000002,0.05277127181685425,0.009862008558972998
124.47000000000003,0.0529714811164461,0.00992489879244558
124.63537500000002,0.0531692710035287,0.009987469269452449
124.80075000000002,0.05336464161529656,0.010049717034163668
124.96612500000002,0.05355759335566516,0.010111639190341084
125.13150000000002,0.05374812689060904,0.010173232900759565
125.29687500000003,0.053936243143558986,0.010234495386632377
125.46225000000003,0.05412194329085884,0.010295423927040996
125.62762500000002,0.05430522875728098,0.010356015858368865
125.79300000000002,0.054486101211598775,0.010416268573739356
125.95837500000002,0.05466456256221688,0.010476179522457857
126.12375000000002,0.0548406149528578,0.010535746209458009
126.28912500000003,0.05501426075830355,0.010594966194751716
126.45450000000002,0.05518550258019341,0.010653837092883622
126.61987500000002,0.05535434324287549,0.010712356572389191
126.78525000000002,0.05552078578931223,0.010770522355257136
126.95062500000002,0.05568483347703909,0.01082833221639544
127.11600000000003,0.055846489774175945,0.01088578398310163
127.28137500000003,0.05600575835549019,0.010942875534536763
127.44675000000002,0.056162643098511114,0.010999604801203348
127.61212500000002,0.05631714807969561,0.011055969764427284
127.77750000000002,0.05646927757064306,0.01111196845584335
127.94287500000002,0.056619036034360554,0.01116759895688478
128.10825000000003,0.05676642812157657,0.011222859398276388
128.273625,0.05691145866710354,0.011277747959531794
128.43900000000002,0.057054132686247504,0.011332262868453973
128.604375,0.057194455371265725,0.011386402400639968
128.76975000000002,0.05733243208787079,0.011440164878988895
128.93512500000003,0.057468068371780416,0.01149354867321395
129.1005,0.05760136992531352,0.011546552199357827
129.26587500000002,0.05773234261403089,0.011599173919311982
129.43125,0.05786099246342085,0.011651412340339371
129.59662500000002,0.05798732565562817,0.011703266014600696
129.76200000000003,0.05811134852622748,0.01175473353868458
129.927375,0.05823306756103862,0.011805813553140669
130.09275000000002,0.058352489392985575,0.011856504742017005
130.258125,0.05846962079899633,0.011906805832400176
130.42350000000002,0.05858446869694475,0.011956715593959482
130.588875,0.058697040142633786,0.012006232838494255
130.75425,0.05880734232681823,0.012055356419484731
130.91962500000002,0.05891538257226864,0.012104085231646347
131.085,0.059021168330873695,0.012152418210487244
131.25037500000002,0.059124707180782755,0.0122003543318695
131.41575,0.05922600682358618,0.012247892611573313
131.58112500000001,0.05932507508153428,0.012295032104864776
131.74650000000003,0.05942191989479401,0.0123417719060669
131.911875,0.05951654931874256,0.012388111148133811
132.07725000000002,0.059608971521298376,0.012434049002228355
132.242625,0.059699194780287984,0.012479584677302936
132.40800000000002,0.059787227480849386,0.012524717419683449
132.57337500000003,0.0598730781128705,0.012569446512656518
132.73875,0.059956755268463044,0.012613771276059957
132.90412500000002,0.06003826763947101,0.012657691065876263
133.0695,0.06011762401501359,0.01270120527382939
133.23487500000002,0.06019483327906181,0.012744313326984558
133.40025000000003,0.060269904408048865,0.01278701468735119
133.565625,0.06034284646851323,0.01282930885148888
133.73100000000002,0.06041366861477506,0.012871195350116603
133.89637500000003,0.06048238008664442,0.012912673747724755
134.06175000000002,0.060548990207161535,0.012953743642190341
134.22712500000003,0.06061350838036874,0.012994404664395092
134.3925,0.06067594408911369,0.013034656477846704
134.55787500000002,0.06073630689288321,0.013074498778302898
134.72325000000004,0.060794606425667565,0.013113931293398487
134.88862500000002,0.06085085239385504,0.013152953782275371
135.05400000000003,0.060905054574156105,0.013191566035215492
135.219375,0.060957222811557056,0.013229767873276637
135.38475000000003,0.0610073670173026,0.013267559147931051
135.55012500000004,0.061055497166907155,0.013304939740707032
135.71550000000002,0.061101623298194505,0.013341909562833277
135.88087500000003,0.061145755509365546,0.013378468554886138
136.04625000000001,0.061187903957093615,0.013414616686439531
136.21162500000003,0.06122807885464703,0.013450353955717736
136.377,0.06126629047003917,0.013485680389251018
136.54237500000002,0.0613025491242045,0.013520596041533823
136.70775000000003,0.06133686518920162,0.013555100994685867
136.87312500000002,0.06136924908644209,0.01358919535811586
137.03850000000003,0.061399711284944994,0.01362287926818793
137.203875,0.061428262299617065,0.013656152887890734
137.36925000000002,0.06145491268955792,0.013689016406509257
137.53462500000003,0.06147967305639001,0.013721470039299178
137.70000000000002,0.06150255404261331,0.013753514027163974
137.86537500000003,0.061523566329984083,0.013785148636334501
138.03075,0.06154272063791792,0.013816374158051335
138.19612500000002,0.061560027721915905,0.013847190908249526
138.36150000000004,0.06157549837201466,0.013877599227245942
138.52687500000002,0.061589143411259276,0.01390759947942928
138.69225000000003,0.06160097369419919,0.01393719205295248
138.857625,0.061611000105406474,0.013966377359427667
139.02300000000002,0.06161923355801644,0.013995155833623587
139.18837500000004,0.06162568499229043,0.01402352793316562
139.35375000000002,0.061630365374200136,0.014051494138238042
139.51912500000003,0.061633285694033535,0.01407905495128898
139.6845,0.061634456965021844,0.014106210896737555
139.84987500000003,0.06163389022198802,0.014132962520683686
140.01525000000004,0.061631596520015194,0.014159310390620067
140.18062500000002,0.06162758693313608,0.014185255095146627
140.34600000000003,0.06162187255304255,0.014210797243687403
140.51137500000002,0.061614464487815074,0.014235937466209648
140.67675000000003,0.06160537386067186,0.014260676412945369
140.842125,0.061594611808737695,0.01428501475411513
141.00750000000002,0.061582189481831855,0.014308953179654218
141.17287500000003,0.061568118041275086,0.014332492398940997
141.33825000000002,0.061552408658715405,0.014355633140527612
141.50362500000003,0.061535072514972484,0.014378376151873025
141.669,0.06151612079890023,0.014400722199078023
141.83437500000002,0.06149556470626772,0.01442267206662282
141.99975000000003,0.06147341543865781,0.01444422655710658
142.16512500000002,0.06144968420238361,0.014465386490989333
142.33050000000003,0.06142438220742216,0.01448615270633588
142.495875,0.061397520666365606,0.014506526058562084
142.66125000000002,0.06136911079338933,0.01452650742018315
142.82662500000004,0.06133916380323679,0.014546097680564174
142.99200000000002,0.061307690910221174,0.014565297745672667
143.15737500000003,0.06127470332724338,0.014584108537833387
143.32275,0.06124021226482604,0.014602530995485039
143.48812500000003,0.061204228930163876,0.014620566072939302
143.65350000000004,0.06116676452618976,0.014638214740141734
143.81887500000002,0.06112783025065619,0.014655477982434838
143.98425000000003,0.0610874372952324,0.014672356800323142
144.14962500000001,0.06104559684461676,0.014688852209240284
144.31500000000003,0.06100232007566404,0.014704965239318196
144.48037500000004,0.06095761815652768,0.01472069693515815
144.64575000000002,0.06091150224581669,0.014736048355603933
144.81112500000003,0.06086398349176701,0.01475102057351695
144.97650000000002,0.06081507303142726,0.0147656146755532
145.14187500000003,0.060764781989858595,0.014779831761942391
145.30725,0.060713121479348583,0.01479367294626879
145.47262500000002,0.06066010259863868,0.014807139355254136
145.63800000000003,0.06060573643216553,0.014820232128542346
145.80337500000002,0.06055003404931578,0.014832952418486287
145.96875000000003,0.06049300650369379,0.014845301389936241
146.134125,0.06043466483240294,0.014857280220030366
146.29950000000002,0.0603750200553395,0.014868890097986965
146.46487500000003,0.06031408317449943,0.014880132224898602
146.63025000000002,0.060251865173298065,0.014891007813528118
146.79562500000003,0.06018837701590167,0.014901518088106337
146.961,0.060123629646571905,0.014911664284131692
147.12637500000002,0.06005763398902211,0.014921447648171625
147.29175000000004,0.059990400945785706,0.01493086943766573
147.45712500000002,0.05992194139759642,0.014939930920730694
147.62250000000003,0.05985226620278018,0.014948633375967014
147.787875,0.05978138619665868,0.014956978092267422
147.95325000000003,0.0597093121909641,0.01496496636862707
148.11862500000004,0.059636054973265504,0.014972599513955458
148.28400000000002,0.05956162530640588,0.014979878846890005
148.44937500000003,0.05948603392795053,0.014986805695611432
148.61475000000002,0.059409291549645984,0.014993381397660651
148.78012500000003,0.05933140885689001,0.014999607299757576
148.94550000000004,0.05925239650821176,0.015005484757621392
149.11087500000002,0.05917226513476258,0.015011015135792536
149.27625000000003,0.05909102533981714,0.015016199807456393
149.44162500000002,0.05900868769828455,0.015021040154268542
149.60700000000003,0.05892526275622963,0.015025537566181574
149.772375,0.05884076103040408,0.01502969344127372
149.93775000000002,0.05875519300778738,0.015033509185578813
150.10312500000003,0.058668569145137336,0.015036986212918055
150.26850000000002,0.05858089986855019,0.015040125944733203
150.43387500000003,0.05849219557303001,0.01504292980992142
150.59925,0.05840246662206759,0.015045399244671626
150.76462500000002,0.0583117233472282,0.015047535692302424
150.93000000000004,0.058219976047748596,0.0150493406031015
151.09537500000002,0.058127234990142926,0.0150508154341666
151.26075000000003,0.05803351040781726,0.015051961649248043
151.426125,0.057938812500693014,0.015052780718592566
151.59150000000002,0.057843151434838896,0.015053274118788915
151.75687500000004,0.05774653734211117,0.015053443332614689
151.92225000000002,0.05764898031980244,0.015053289848884755
152.08762500000003,0.057550490430298584,0.015052815162301118
152.25300000000001,0.05745107770074385,0.015052020773304194
152.41837500000003,0.0573507521227139,0.015050908187925607
152.58375000000004,0.0572495236518969,0.015049478917642248
152.74912500000002,0.057147402207782326,0.015047734479231967
152.91450000000003,0.05704439767335735,0.015045676394630478
153.07987500000002,0.05694051989481123,0.015043306190789757
153.24525000000003,0.056835778681246674,0.015040625399537868
153.41062500000004,0.056730183804399016,0.01503763555743998
153.57600000000002,0.05662374499836254,0.015034338205661017
153.74137500000003,0.05651647195932389,0.015030734889829415
153.90675000000002,0.056408374345302915,0.0150268271599024
154.07212500000003,0.056299461775899985,0.015022616570032479
154.2375,0.0561897438320509,0.015018104678435364
154.40287500000002,0.05607923005578801,0.015013293047259164
154.56825000000003,0.05596792995000848,0.015008183242454835
154.73362500000002,0.05585585297824894,0.015002776833648054
154.89900000000003,0.055743008564466706,0.01499707539401225
155.064375,0.05562940609282774,0.01499108050014301
155.22975000000002,0.05551505490750049,0.014984793731933697
155.39512500000004,0.055399964312456466,0.01497821667245238
155.56050000000002,0.05528414357127677,0.01497135090781998
155.72587500000003,0.05516760190696472,0.01496419802708963
155.89125,0.05505034850176463,0.014956759622127403
156.05662500000003,0.054932392496986476,0.014949037287494065
156.22200000000004,0.054813742992836305,0.014941032620328249
156.38737500000002,0.054694409048252644,0.014932747220230663
156.55275000000003,0.054574399680748314,0.014924182689149603
156.71812500000001,0.05445372386625826,0.014915340631267641
156.88350000000003,0.054332390538992414,0.014906222652889486
157.04887500000004,0.054210408591294515,0.014896830362330974
157.21425000000002,0.05408778687350592,0.014887165369809285
157.37962500000003,0.05396453419383488,0.014877229287334282
157.54500000000002,0.05384065931823118,0.01486702372860103
157.71037500000003,0.05371617097026565,0.01485655030888341
157.87575000000004,0.05359107783101501,0.014845810644928892
158.04112500000002,0.05346538853895158,0.014834806354854391
158.20650000000003,0.05333911168983789,0.014823539058043343
158.37187500000002,0.05321225583662637,0.014812010375043708
158.53725000000003,0.05308482948936362,0.01480022192746726
158.70262500000004,0.05295684111509944,0.014788175337889824
158.86800000000002,0.052828299137800815,0.014775872229752718
159.03337500000004,0.052699211938269826,0.014763314227265088
159.19875000000002,0.052569587854066895,0.01475050295530752
159.36412500000003,0.052439435179437784,0.014737440039336566
159.5295,0.05230876216524557,0.014724127105290358
159.69487500000002,0.05217757701890643,0.014710565779495286
159.86025000000004,0.052045887904330096,0.014696757688573656
160.02562500000002,0.05191370294186428,0.014682704459352465
160.19100000000003,0.05178103020824326,0.014668407718773053
160.356375,0.05164787773654067,0.014653869093801924
160.52175000000003,0.05151425351612618,0.014639090211342472
160.68712500000004,0.051380165492626126,0.01462407269814768
160.85250000000002,0.05124562156788817,0.014608818180733934
161.01787500000003,0.05111062959994966,0.014593328285295649
161.18325000000002,0.05097519740300974,0.01457760463762101
161.34862500000003,0.0508393327474054,0.014561648863008585
161.51400000000004,0.05070304335959097,0.014545462586184991
161.67937500000002,0.050566336922121244,0.014529047431223336
161.84475000000003,0.05042922107363829,0.014512405021462851
162.01012500000002,0.05029170340886168,0.014495536979429225
162.17550000000003,0.05015379147858215,0.014478444926756057
162.34087500000004,0.050015492789658514,0.014461130484107038
162.50625000000002,0.04987681480501836,0.014443595271099268
162.67162500000003,0.04973776494366147,0.014425840906227283
162.83700000000002,0.049598350580666806,0.014407869006788093
163.00237500000003,0.04945857904720269,0.0143896811888071
163.16775000000004,0.04931845763053997,0.014371279066964854
163.33312500000002,0.04917799357406836,0.01435266425452478
163.49850000000004,0.04903719407731559,0.014333838363261653
163.66387500000002,0.04889606629597018,0.014314803003391068
163.82925000000003,0.048754617341906156,0.014295559783499686
163.994625,0.04861285428321167,0.014276110310476351
164.16000000000003,0.04847078414421965,0.01425645618944407
164.32537500000004,0.04832841390554185,0.014236599023692847
164.49075000000002,0.048185750504105174,0.014216540414613255
164.65612500000003,0.04804280083319106,0.014196281961631016
164.82150000000001,0.04789957174247732,0.014175825262142163
164.98687500000003,0.04775607003808262,0.014155171911449257
165.15225000000004,0.047612302482613666,0.014134323502698231
165.31762500000002,0.04746827579521478,0.014113281626816146
165.48300000000003,0.047323996651619855,0.014092047872449633
165.64837500000002,0.047179471684207136,0.014070623825904268
165.81375000000003,0.04703470748205601,0.014049011071084621
165.97912500000004,0.04688971059100632,0.01402721118943505
166.14450000000002,0.046744487513720075,0.014005225759881435
166.30987500000003,0.04659904470974521,0.01398305635877349
166.47525000000002,0.046453388595581874,0.01396070455982791
166.64062500000003,0.046307525544750636,0.013938171934072293
166.80600000000004,0.04616146188786317,0.0139154600497898
166.97137500000002,0.046015203912694695,0.01389257047246446
167.13675000000003,0.045868757864258834,0.01386950476472738
167.30212500000002,0.04572212994488424,0.013846264486303517
167.46750000000003,0.04557532631429352,0.013822851193959292
167.63287500000004,0.045428353089683945,0.013799266441450839
167.79825000000002,0.04528121634581003,0.013775511779473018
167.96362500000004,0.04513392211506828,0.01375158875560908
168.12900000000002,0.0449864763875836,0.0137274989142811
168.29437500000003,0.044838885111297536,0.013703243796701053
168.45975,0.044691154192058456,0.013678824940822568
168.62512500000003,0.04454328949371343,0.013654243881293429
168.79050000000004,0.04439529683820171,0.013629502149408659
168.95587500000002,0.04424718200565022,0.013604601273064386
169.12125000000003,0.04409895073447022,0.01357954277671222
169.28662500000002,0.043950608721456334,0.013554328181314516
169.45200000000003,0.04380216162188632,0.013528959004300014
169.61737500000004,0.043653615049623166,0.013503436759520381
169.78275000000002,0.04350497457721829,0.013477762957207267
169.94812500000003,0.04335624573601627,0.01345193910392994
170.11350000000002,0.043207434016261384,0.013425966702553773
170.27887500000003,0.04305854486720514,0.013399847252199124
170.44425000000004,0.04290958369721559,0.013373582248200932
170.60962500000002,0.042760555873887954,0.01334717318206901
170.77500000000003,0.04261146672415633,0.013320621541448792
170.94037500000002,0.04246232153440724,0.013293928810082815
171.10575000000003,0.04231312555059398,0.013267096467772776
171.27112500000004,0.04216388397835263,0.013240125990342093
171.43650000000002,0.042014601983119154,0.013213018849599224
171.60187500000004,0.04186528469024754,0.013185776513301405
171.76725000000002,0.04171593718512966,0.013158400445119112
171.93262500000003,0.04156656451331563,0.013130892104600974
172.09800000000004,0.04141717168063599,0.013103252947139387
172.26337500000002,0.0412677636533244,0.013075484423936589
172.42875000000004,0.04111834535814176,0.013047587981971275
172.59412500000002,0.040968921682501575,0.013019565063966006
172.75950000000003,0.04081949747459581,0.012991417108354802
172.92487500000001,0.0406700775435223,0.012963145549251619
173.09025000000003,0.040520666659412855,0.012934751816419142
173.25562500000004,0.040371269553562475,0.01290623733523823
173.42100000000002,0.04022189091855956,0.012877603526677944
173.58637500000003,0.040072535408416626,0.012848851807265877
173.75175000000002,0.039923207638702725,0.012819983589059291
173.91712500000003,0.03977391218667588,0.012791000279616622
174.08250000000004,0.039624653591416995,0.012761903281969446
174.24787500000002,0.0394754363539644,0.012732693994595189
174.41325000000003,0.03932626493744893,0.012703373811389994
174.57862500000002,0.03917714376723042,0.012673944121642463
174.74400000000003,0.03902807723103439,0.012644406310007635
174.90937500000004,0.03887906967908971,0.012614761756481529
175.07475000000002,0.03873012542426712,0.01258501183637626
175.24012500000003,0.038581248742218244,0.012555157920295549
175.40550000000002,0.03843244387151543,0.012525201374110676
175.57087500000003,0.03828371501379211,0.012495143558937062
175.73625000000004,0.03813506633388407,0.01246498583111117
175.90162500000002,0.037986501959971115,0.012434729542167969
176.06700000000004,0.03783802598371944,0.012404376038818813
176.23237500000002,0.03768964246042467,0.012373926662929838
176.39775000000003,0.037541355409155194,0.012343382751500683
176.56312500000004,0.03739316881289657,0.012312745636643899
176.72850000000003,0.037245086618695876,0.012282016645564496
176.89387500000004,0.03709711273780697,0.01225119710054022
177.05925000000002,0.03694925104583622,0.01222028831890211
177.22462500000003,0.03680150538288862,0.012189291613015527
177.39000000000001,0.0366538795537143,0.012158208290261591
177.55537500000003,0.03650637732785572,0.01212703965301915
177.72075000000004,0.03635900243979523,0.012095786998647003
177.88612500000002,0.03621175858910288,0.012064451619466721
178.05150000000003,0.03606464944058472,0.012033034802745694
178.21687500000002,0.03591767862443175,0.012001537830680831
178.38225000000003,0.03577084973636878,0.011969961980382405
178.54762500000004,0.035624166337804,0.011938308523858483
178.71300000000002,0.035477631955978875,0.01190657872799976
178.87837500000003,0.03533125008411805,0.01187477385456465
179.04375000000002,0.03518502418157994,0.011842895160164863
179.20912500000003,0.03503895767400743,0.011810943896251432
179.37450000000004,0.0348930539534789,0.011778921309100998
179.53987500000002,0.034747316378659604,0.011746828639802573
179.70525000000004,0.03460174827495294,0.01171466712424462
179.87062500000002,0.03445635293465261,0.011682437993102573
180.03600000000003,0.034311133617094314,0.011650142471826636
180.20137500000004,0.03416609354880822,0.011617781780630103
180.36675000000002,0.03402123592367124,0.011585357134477845
180.53212500000004,0.033876563903059674,0.011552869743075341
180.69750000000002,0.033732080616002046,0.011520320810857913
180.86287500000003,0.033587789159332006,0.011487711536980468
181.02825000000004,0.033443692597841544,0.011455043115307484
181.19362500000003,0.03329979396443411,0.011422316734403358
181.35900000000004,0.03315609626027789,0.011389533577523108
181.52437500000002,0.0330126024549597,0.011356694822603475
181.68975000000003,0.03286931548663802,0.011323801642254258
181.85512500000002,0.03272623826219708,0.01129085520375007
182.02050000000003,0.032583373657400425,0.01125785666902237
182.18587500000004,0.0324407245170448,0.011224807194651885
182.35125000000002,0.032298293655113906,0.01119170793186122
182.51662500000003,0.032156083854932495,0.011158560026508026
182.68200000000002,0.03201409786932022,0.011125364619078277
182.84737500000003,0.031872338420745536,0.01109212284467987
183.01275000000004,0.03173080820147991,0.011058835833036742
183.17812500000002,0.031589509873751594,0.011025504708483042
183.34350000000003,0.031448446069899695,0.010992130589957766
183.50887500000002,0.031307619392528165,0.010958714590999645
183.67425000000003,0.031167032414659675,0.010925257819742358
183.83962500000004,0.031026687679889593,0.010891761378909983
184.00500000000002,0.030886587702539783,0.010858226365812837
184.17037500000004,0.030746734967812415,0.010824653872343503
184.33575000000002,0.030607131931943754,0.01079104498497324
184.50112500000003,0.030467781022357643,0.010757400784748569
184.66650000000004,0.030328684637819327,0.010723722347288293
184.83187500000003,0.0301898451485888,0.010690010742780653
184.99725000000004,0.030051264896574097,0.010656267035980809
185.16262500000002,0.029912946195484805,0.010622492286208636
185.32800000000003,0.02977489133098494,0.010588687547346742
185.49337500000004,0.029637102560846205,0.010554853867838781
185.65875000000003,0.029499582115100793,0.010520992290688012
185.82412500000004,0.029362332196194076,0.01048710385345609
185.98950000000002,0.0292253549791373,0.010453189588262241
186.15487500000003,0.029088652611659965,0.010419250521782542
186.32025000000002,0.02895222721436216,0.010385287675249535
186.48562500000003,0.02881608088086651,0.010351302064452065
186.65100000000004,0.028680215677970387,0.010317294699735455
186.81637500000002,0.028544633645797304,0.010283266586001736
186.98175000000003,0.028409336797948697,0.010249218722710344
187.14712500000002,0.028274327121655146,0.010215152103878872
187.31250000000003,0.028139606577927505,0.010181067718084223
187.47787500000004,0.02800517710170784,0.010146966548463822
187.64325000000002,0.027871040602020135,0.010112849572717268
187.80862500000003,0.02773719896212063,0.010078717763107963
187.97400000000002,0.027603654039648217,0.010044572086465257
188.13937500000003,0.027470407666774197,0.010010413504186562
188.30475000000004,0.027337461650352217,0.009976242972239861
188.47012500000002,0.02720481777206766,0.009942061441166385
188.63550000000004,0.027072477788586694,0.009907869856083397
188.80087500000002,0.0269404434317056,0.00987366915668747
188.96625000000003,0.026808716408498995,0.009839460277257638
189.13162500000004,0.02667729840146855,0.00980524414665902
189.29700000000003,0.026546191068690977,0.009771021688346534
189.46237500000004,0.0264153960439658,0.009736793820368808
189.62775000000002,0.026284914936962944,0.009702561455372351
189.79312500000003,0.026154749333369965,0.009668325500605958
189.95850000000004,0.026024900795038938,0.009634086857925168
190.12387500000003,0.025895370860133056,0.009599846423797026
190.28925000000004,0.025766161043272923,0.009565605089305084
190.45462500000002,0.02563727283568255,0.009531363740154456
190.62000000000003,0.025508707705334883,0.009497123256677197
190.78537500000002,0.02538046709709738,0.009462884513837823
190.95075000000003,0.02525255243287662,0.00942864838123889
191.11612500000004,0.025124965111763244,0.009394415723127075
191.28150000000002,0.024997706510176125,0.009360187398399064
191.44687500000003,0.02487077798200625,0.009325964260607859
191.61225000000002,0.024744180858760494,0.009291747157969254
191.77762500000003,0.024617916449704607,0.009257536933368272
191.94300000000004,0.02449198604200628,0.009223334424366115
192.10837500000002,0.02436639090087762,0.009189140463206999
192.27375000000004,0.02424113226971715,0.009154955876825265
192.43912500000002,0.02411621137025176,0.009120781486852685
192.60450000000003,0.02399162940267789,0.009086618109625856
192.76987500000004,0.023867387545802792,0.009052466556193888
192.93525000000002,0.02374348695718491,0.009018327632326061
193.10062500000004,0.02361992877327418,0.008984202138519805
193.26600000000002,0.023496714109551932,0.008950090870008764
193.43137500000003,0.02337384406067024,0.008915994616771023
193.59675000000004,0.02325131970059108,0.008881914163537535
193.76212500000003,0.02312914208272484,0.008847850289800577
193.92750000000004,0.023007312240068648,0.0088138037698225
194.09287500000002,0.022885831185344183,0.008779775372644561
194.25825000000003,0.022764699911134993,0.008745765862095831
194.42362500000004,0.022643919390023734,0.008711775996802416
194.58900000000003,0.022523490574728442,0.008677806530196622
194.75437500000004,0.022403414398238966,0.008643858210526444
194.91975000000002,0.02228369177395257,0.008609931780865034
195.08512500000003,0.02216432359580921,0.008576027979120392
195.25050000000005,0.02204531073842655,0.00854214753804521
195.41587500000003,0.021926654057234356,0.008508291185246791
195.58125000000004,0.021808354388608456,0.008474459643197105
195.74662500000002,0.021690412550004423,0.008440653629243018
195.91200000000003,0.021572829340090645,0.008406873855616585
196.07737500000002,0.021455605538881053,0.008373121029445537
196.24275000000003,0.021338741907867408,0.008339395852763828
196.40812500000004,0.021222239190151076,0.008305699022522369
196.57350000000002,0.021106098110574425,0.008272031230599799
196.73887500000004,0.020990319375851704,0.008238393163813477
196.90425000000002,0.020874903674699553,0.008204785503930459
197.06962500000003,0.02075985167796693,0.008171208927678742
197.23500000000004,0.020645164038764843,0.008137664106758534
197.40037500000003,0.020530841392595228,0.008104151707853563
197.56575000000004,0.020416884357479705,0.008070672392642714
197.73112500000002,0.02030329353408779,0.008037226817811539
197.89650000000003,0.020190069505864473,0.008003815635063999
198.06187500000004,0.02007721283915759,0.007970439491134318
198.22725000000003,0.019964724083344557,0.007937099027798905
198.39262500000004,0.019852603770958665,0.007903794881888334
198.55800000000002,0.019740852417814925,0.007870527685299555
198.72337500000003,0.019629470523135455,0.007837298065008018
198.88875000000004,0.019518458569674418,0.007804106643080153
199.05412500000003,0.019407817023842363,0.007770954036685636
199.21950000000004,0.01929754633583018,0.007737840858110016
199.38487500000002,0.01918764693973265,0.007704767714767261
199.55025000000003,0.019078119253671363,0.007671735209212523
199.71562500000005,0.0189689636799173,0.007638743939154879
199.88100000000003,0.01886018060501285,0.007605794497470246
200.04637500000004,0.01875177039989321,0.007572887472214319
200.21175000000002,0.018643733420007715,0.0075400234466356806
200.37712500000004,0.018536070005440275,0.0075072029991888785
200.54250000000002,0.018428780481029486,0.0074744267035477185
200.70787500000003,0.018321865156488214,0.007441695128618479
200.87325000000004,0.01821532432652285,0.007409008838553404
201.03862500000002,0.01810915827095188,0.007376368392764088
201.20400000000004,0.018003367254823963,0.0073437743459350445
201.36937500000002,0.017897951528535776,0.007311227248037349
201.53475000000003,0.01779291132794899,0.007278727644342288
201.70012500000004,0.017688246874507128,0.007246276075435152
201.86550000000003,0.01758395837535169,0.007213873077229092
202.03087500000004,0.01748004602343783,0.0071815191809789835
202.19625000000002,0.017376509997649656,0.007149214913295477
202.36162500000003,0.017273350462914845,0.007116960796158969
202.52700000000004,0.017170567570318946,0.0070847573469337635
202.69237500000003,0.01706816145721915,0.007052605078382278
202.85775000000004,0.016966132247357414,0.00702050449867923
203.02312500000002,0.01686448005097331,0.006988456111425994
203.18850000000003,0.01676320496491622,0.006956460415664966
203.35387500000004,0.016662307072757142,0.006924517905893966
203.51925000000003,0.01656178644489995,0.00689262907208079
203.68462500000004,0.016461643138692028,0.006860794399677695
203.85000000000002,0.016361877198534863,0.006829014369636115
204.01537500000003,0.016262488655993414,0.006797289458421191
204.18075000000005,0.016163477529905726,0.0067656201380265815
204.34612500000003,0.01606484382649152,0.006734006875989218
204.51150000000004,0.015966587539460567,0.006702450135404137
204.67687500000002,0.015868708650120484,0.006670950374939378
204.84225000000004,0.015771207127483956,0.006639508048850846
205.00762500000002,0.01567408292837566,0.006608123606997389
205.17300000000003,0.015577335997538381,0.006576797494855726
205.33837500000004,0.015480966267739092,0.006545530153535643
205.50375000000003,0.015384973659874016,0.006514322019794997
205.66912500000004,0.015289358083073499,0.006483173526054939
205.83450000000002,0.015194119434806504,0.006452085100415154
205.99987500000003,0.01509925760098416,0.006421057166669049
206.16525000000004,0.015004772456063294,0.006390090144319072
206.33062500000003,0.014910663863149261,0.006359184448592128
206.49600000000004,0.01481693167409811,0.00632834049045482
206.66137500000002,0.014723575729618627,0.006297558676628973
206.82675000000003,0.01463059585937358,0.006266839409607052
206.99212500000004,0.014537991882080582,0.006236183087667615
207.15750000000003,0.014445763605612538,0.006205590104890926
207.32287500000004,0.014353910827097353,0.006175060851174443
207.48825000000002,0.014262433333017516,0.006144595712248464
207.65362500000003,0.014171330899308724,0.006114195069691664
207.81900000000005,0.014080603291458566,0.0060838593009469085
207.98437500000003,0.013990250264604221,0.006053588779336814
208.14975000000004,0.013900271563629878,0.006023383874079512
208.31512500000002,0.013810666923263805,0.0059932449503044445
208.48050000000003,0.013721436068174601,0.005963172369068051
208.64587500000005,0.013632578713067217,0.005933166487369666
208.81125000000003,0.013544094562778435,0.005903227658167283
208.97662500000004,0.013455983312371776,0.005873356230393501
209.14200000000002,0.013368244647232014,0.0058435525489712965
209.30737500000004,0.013280878243159058,0.005813816954829984
209.47275000000002,0.013193883766461656,0.0057841497849211825
209.63812500000003,0.013107260874050244,0.00575455137223475
209.80350000000004,0.013021009213529493,0.005725022045814667
209.96887500000003,0.012935128423290464,0.005695562130775187
210.13425000000004,0.012849618132602008,0.005666171948316705
210.29962500000002,0.012764477961701982,0.00563685181574188
210.46500000000003,0.01267970752188778,0.005607602046471651
210.63037500000004,0.012595306415606492,0.005578422950061322
210.79575000000003,0.012511274236544481,0.005549314832216614
210.96112500000004,0.012427610569716557,0.005520277994809772
211.12650000000002,0.012344314991554745,0.005491312735895731
211.29187500000003,0.012261387069996285,0.005462419349728139
211.45725000000004,0.012178826364571611,0.005433598126775624
211.62262500000003,0.012096632426491378,0.005404849353737842
211.78800000000004,0.012014804798733344,0.005376173313561667
211.95337500000002,0.011933343016128604,0.005347570285457412
212.11875000000003,0.011852246605447505,0.005319040544914958
212.28412500000005,0.011771515085484895,0.0052905843637199666
212.44950000000003,0.011691147967145082,0.005262202009970098
212.61487500000004,0.011611144753526155,0.005233893748091193
212.78025000000002,0.011531504940004036,0.005205659838853537
212.94562500000004,0.011452228014315828,0.005177500539387999
213.11100000000005,0.011373313456642895,0.0051494161032023525
213.27637500000003,0.011294760739693398,0.005121406780197469
213.44175000000004,0.011216569328784329,0.005093472816683552
213.60712500000002,0.011138738681923128,0.005065614455396387
213.77250000000004,0.011061268249888796,0.00503783193551357
213.93787500000002,0.0109841574763127,0.005010125492670799
214.10325000000003,0.010907405797758583,0.004982495358978067
214.26862500000004,0.010831012643802531,0.004954941763035968
214.43400000000003,0.010754977437112137,0.0049274649299518945
214.59937500000004,0.010679299593525367,0.004900065081356318
214.76475000000002,0.01060397852212899,0.004872742435419024
214.93012500000003,0.010529013625336441,0.00484549720686538
215.09550000000004,0.010454404298965422,0.004818329606992584
215.26087500000003,0.010380149932314715,0.00479123984368583
215.42625000000004,0.0103062499082409,0.004764228121434639
215.59162500000002,0.010232703603234512,0.004737294641349079
215.75700000000003,0.010159510387495537,0.004710439601175947
215.92237500000005,0.010086669625008787,0.004683663195315026
216.08775000000003,0.01001418067361861,0.004656965614835297
216.25312500000004,0.009942042885103211,0.004630347047491175
216.41850000000002,0.009870255605248549,0.004603807677738648
216.58387500000003,0.00979881817392174,0.004577347686751541
216.74925000000005,0.00972772992514414,0.00455096725243771
216.91462500000003,0.009656990187163775,0.004524666549455136
217.08000000000004,0.00958659828252756,0.004498445749228201
217.24537500000002,0.009516553528152904,0.004472305019963766
217.41075000000004,0.009446855235399,0.004446244526667395
217.57612500000005,0.009377502710137582,0.004420264431159424
217.74150000000003,0.00930849525282333,0.004394364892091137
217.90687500000004,0.009239832158563761,0.00436854606496088
218.07225000000003,0.009171512717188787,0.004342808102130121
218.23762500000004,0.009103536213319722,0.004317151152839605
218.40300000000002,0.009035901926437974,0.004291575363225379
218.56837500000003,0.008968609130953221,0.004266080876334876
218.73375000000004,0.008901657096271253,0.004240667832143012
218.89912500000003,0.00883504508686125,0.004215336367568088
219.06450000000004,0.008768772362322793,0.004190086616487949
219.22987500000002,0.008702838177452338,0.004164918709755936
219.39525000000003,0.0086372417823093,0.004139832775216824
219.56062500000004,0.008571982422281778,0.004114828937722878
219.72600000000003,0.008507059338151757,0.004089907319149726
219.89137500000004,0.008442471766159955,0.004065068038412355
220.05675000000002,0.008378218938070277,0.004040311211480991
220.22212500000003,0.008314300081233777,0.004015636951396996
220.38750000000005,0.008250714418652244,0.003991045368288753
220.55287500000003,0.008187461169041474,0.003966536569387541
220.71825000000004,0.008124539546893931,0.003942110659043366
220.88362500000002,0.008061948762541151,0.003917767738740749
221.04900000000004,0.007999688022215729,0.0038935079071145498
221.21437500000005,0.007937756528112799,0.0038693312599657552
221.37975000000003,0.007876153478451275,0.003845237890277222
221.54512500000004,0.007814878067534487,0.003821227888229365
221.71050000000002,0.007753929485810612,0.003797301341215966
221.87587500000004,0.0076933069199325126,0.003773458333859742
222.04125000000005,0.0076330095528174,0.0037496989480281127
222.20662500000003,0.007573036563705874,0.003726023262848776
222.37200000000004,0.0075133871282206995,0.003702431354725339
222.53737500000003,0.007454060418425216,0.003678923297352927
222.70275000000004,0.007395055602881185,0.003655499161733731
222.86812500000002,0.0073363718467064605,0.0036321590161925536
223.03350000000003,0.007278008311632125,0.0036089029263923324
223.19887500000004,0.007219964156059254,0.003585730955349614
223.36425000000003,0.007162238535115378,0.0035626431634500416
223.52962500000004,0.007104830600710429,0.0035396396084637653
223.69500000000002,0.007047739501592436,0.0035167203455608847
223.86037500000003,0.006990964383402719,0.0034938854273267915
224.02575000000004,0.0069345043887307735,0.003471134903777547
224.19112500000003,0.006878358657168798,0.003448468822375236
224.35650000000004,0.006822526325365731,0.0034258872280432074
224.52187500000002,0.006767006527081066,0.003403390163181407
224.68725000000003,0.006711798393238087,0.003380977667681549
224.85262500000005,0.006656901051976996,0.0033586497789423945
225.01800000000003,0.006602313628707449,0.0033364065318849242
225.18337500000004,0.006548035246160736,0.0033142479589674347
225.34875000000002,0.0064940650244417735,0.0032921740902007376
225.51412500000004,0.006440402081080498,0.003270184953163177
225.67950000000005,0.006387045531083094,0.0032482805730157794
225.84487500000003,0.006333994486982675,0.003226460972517192
226.01025000000004,0.006281248058889749,0.003204726172038757
226.17562500000003,0.006228805354542242,0.003183076189579437
226.34100000000004,0.006176665479355149,0.0031615110407807387
226.50637500000005,0.0061248275364699295,0.00314003073894167
226.67175000000003,0.006073290626803449,0.003118635295033586
226.83712500000004,0.006022053849096508,0.003097324717714978
227.00250000000003,0.005971116299962228,0.003076099013346366
227.16787500000004,0.005920477073933837,0.003054958186005011
227.33325000000005,0.0058701352635123095,0.0030339022374996716
227.49862500000003,0.005820089959213536,0.0030129311673853273
227.66400000000004,0.005770340249615121,0.002992044972977792
227.82937500000003,0.005720885221402978,0.002971243649368428
227.99475000000004,0.005671723959417428,0.0029505271894386905
228.16012500000002,0.005622855546699026,0.0029298955838747104
228.32550000000003,0.0055742790645340375,0.002909348821181856
228.49087500000005,0.0055259935924995805,0.002888886887699179
228.65625000000003,0.005477998208508402,0.0028685097676139307
228.82162500000004,0.005430291988853322,0.0028482174429759434
228.98700000000002,0.005382874008251363,0.002828009893712035
229.15237500000003,0.00533574333988754,0.002807887097640399
229.31775000000005,0.005288899055458263,0.0027878490304848466
229.48312500000003,0.005242340225214546,0.0027678956658891947
229.64850000000004,0.005196065918004648,0.002748026975431384
229.81387500000002,0.005150075201316685,0.002728242928637819
229.97925000000004,0.005104367141320612,0.00270854349299743
230.14462500000005,0.005058940802910131,0.0026889286339758607
230.31000000000003,0.005013795249744115,0.0026693983150295687
230.47537500000004,0.004968929544287758,0.002649952497619872
230.64075000000003,0.004924342747853448,0.002630591141226958
230.80612500000004,0.0048800339206412045,0.0026113142033638874
230.97150000000005,0.004836002121778944,0.002592121639590529
231.13687500000003,0.004792246409362309,0.002573013403527459
231.30225000000004,0.004748765840494219,0.0025539894468698475
231.46762500000003,0.004705559471324151,0.002535049719401269
231.63300000000004,0.004662626357087044,0.0025161941690075157
231.79837500000005,0.004619965552141915,0.0024974227416903047
231.96375000000003,0.004577576110010185,0.002478735381581061
232.12912500000004,0.004535457083413645,0.0024601320309545122
232.29450000000003,0.004493607524312184,0.002441612630242356
232.45987500000004,0.004452026483941157,0.0024231771180468847
232.62525000000002,0.004410713012848482,0.002404825431154486
232.79062500000003,0.0043696661609313745,0.002386557504549173
232.95600000000005,0.0043288849774729046,0.002368373271426088
233.12137500000003,0.004288368511178105,0.0023502726632048934
233.28675000000004,0.004248115810209878,0.002332255609543177
233.45212500000002,0.00420812592222457,0.002314322038349818
233.61750000000004,0.004168397894407266,0.0022964718757982833
233.78287500000005,0.004128930773506798,0.002278705046339905
233.94825000000003,0.004089723605870411,0.002261021472717114
234.11362500000004,0.004050775437478194,0.0022434210759766093
234.27900000000002,0.004012085313977201,0.0022259037754825345
234.44437500000004,0.003973652280715283,0.0022084694889295572
234.60975000000005,0.0039354753827745914,0.0021911181323559406
234.77512500000003,0.0038975536650049255,0.0021738496201565804
234.94050000000004,0.003859886172056601,0.002156663865095958
235.10587500000003,0.0038224719484132486,0.0021395607783211306
235.27125000000004,0.003785310038424112,0.002122540269374553
235.43662500000005,0.003748399486336284,0.002105602246207005
235.60200000000003,0.003711739336326506,0.0020887466151903594
235.76737500000004,0.003675328632532741,0.002071973281130397
235.93275000000003,0.0036391664190854925,0.0020552821472794624
236.09812500000004,0.0036032517401388088,0.002038673115349228
236.26350000000005,0.0035675836399010974,0.0020221460855233187
236.42887500000003,0.003532161162665515,0.00200570095646987
236.59425000000005,0.0034969833528402418,0.0019893376253541243
236.75962500000003,0.0034620492549784277,0.0019730559878509643
236.92500000000004,0.0034273579138078248,0.0019568559381573365
237.09037500000002,0.003392908374260261,0.0019407373690047305
237.25575000000003,0.0033586996815007215,0.0019247001716715209
237.42112500000005,0.0033247308809562864,0.0019087442359953595
237.58650000000003,0.003291001018344736,0.0018928694503854543
237.75187500000004,0.0032575091397028804,0.0018770757018347953
237.91725000000002,0.003224254291414729,0.001861362875932435
238.08262500000004,0.003191235520239269,0.0018457308568756092
238.24800000000005,0.003158451873338104,0.0018301795274818827
238.41337500000003,0.003125902398302772,0.0018147087692012395
238.57875000000004,0.003093586143181823,0.0017993184621281238
238.74412500000003,0.0030615021565076526,0.0017840084850134059
238.90950000000004,0.0030296494873230874,0.0017687787152763923
239.07487500000005,0.002998027185207712,0.0017536290290166884
239.24025000000003,0.002966634300303954,0.0017385593010260968
239.40562500000004,0.0029354698833429092,0.0017235694048004149
239.57100000000003,0.0029045329856699446,0.0017086592125512261
239.73637500000004,0.0028738226592700355,0.001693828595217642
239.90175000000005,0.0028433379567928954,0.0016790774224779872
240.06712500000003,0.00281307793157781,0.0016644055627614454
240.23250000000004,0.002783041637678235,0.0016498128832596382
240.39787500000003,0.0027532281298862826,0.001635299249938259
240.56325000000004,0.002723636463756747,0.0016208645275484926
240.72862500000005,0.0026942656956311065,0.0016065085796385646
240.89400000000003,0.002665114882661149,0.0015922312685651197
241.05937500000005,0.002636183082832424,0.0015780324555046204
241.22475000000003,0.002607469354987499,0.0015639120004647
241.39012500000004,0.0025789727588488593,0.0015498697622954236
241.55550000000002,0.0025506923550417423,0.001535905598700579
241.72087500000004,0.0025226272051166038,0.0015220193662488519
241.88625000000005,0.0024947763715714487,0.001508210920384995
242.05162500000003,0.002467138917873884,0.0014944801154409583
242.21700000000004,0.002439713908482959,0.00148082680464693
242.38237500000002,0.002412500408870829,0.0014672508401424177
242.54775000000004,0.002385497485544098,0.0014537520729871695
242.71312500000005,0.0023587042060650766,0.0014403303531721782
242.87850000000003,0.002332119639072663,0.0014269855296305163
243.04387500000004,0.0023057428543031434,0.0014137174502482338
243.20925000000003,0.0022795729226107045,0.0014005259618751315
243.37462500000004,0.002253608915987748,0.001387410910335556
243.54000000000005,0.0022278499075849933,0.001374372140439086
243.70537500000003,0.002202294971731361,0.0013614094959912362
243.87075000000004,0.0021769431839536286,0.0013485228198040413
244.03612500000003,0.002151793620995926,0.0013357119537066853
244.20150000000004,0.0021268453608389868,0.0013229767385560475
244.36687500000005,0.0021020974827191713,0.0013103170142471383
244.53225000000003,0.00207754906714733,0.001297732619723613
244.69762500000004,0.00205319919592743,0.0012852233929881401
244.86300000000003,0.0020290469521749865,0.0012727891711127885
245.02837500000004,0.002005091420335297,0.0012604297902493434
245.19375000000005,0.0019813316862014553,0.0012481450856395445
245.35912500000003,0.001957766836932197,0.0012359348916253774
245.52450000000005,0.0019343959610694985,0.0012237990416591959
245.68987500000003,0.0019112181485560376,0.0012117373683139122
245.85525000000004,0.0018882324907523828,0.001199749703293056
246.02062500000002,0.0018654380804540803,0.0011878358774408545
246.18600000000004,0.0018428340119084662,0.0011759957207522396
246.35137500000005,0.0018204193808312884,0.0011642290623827727
246.51675000000003,0.0017981932844232176,0.0011525357306586155
246.68212500000004,0.0017761548213860755,0.001140915553086382
246.84750000000003,0.0017543030919389146,0.0011293683563629604
247.01287500000004,0.0017326371978339029,0.001117893966385313
247.17825000000005,0.001711156242372035,0.001106492208260221
247.34362500000003,0.0016898593304186297,0.001095162906313975
247.50900000000004,0.0016687455684186523,0.0010839058841020325
247.67437500000003,0.0016478140644118778,0.0010727209644186275
247.83975000000004,0.0016270639280478246,0.0010616079693063377
248.00512500000005,0.0016064942706005597,0.0010505667200656188
248.17050000000003,0.0015861042049832787,0.0010395970372642602
248.33587500000004,0.0015658928457627022,0.0010286987407468282
248.50125000000003,0.0015458593091733706,0.0010178716496440734
248.66662500000004,0.0015260027131316577,0.001007115582382263
248.83200000000005,0.0015063221772496586,0.0009964303566924692
248.99737500000003,0.0014868168228489396,0.0009858157896198683
249.16275000000005,0.0014674857729740345,0.0009752716975329267
249.32812500000003,0.0014483281524058156,0.0009647978961325662
249.49350000000004,0.0014293430876747,0.0009543942004613276
249.65887500000005,0.0014105297070736602,0.0009440604249124146
249.82425000000003,0.0013918871406710844,0.0009337963832387748
249.98962500000005,0.0013734145203234468,0.0009236018885620663
250.15500000000003,0.0013551109796878357,0.0009134767533816275
250.32037500000004,0.0013369756542342905,0.0009034207895833816
250.48575000000002,0.0013190076812580082,0.0008934338084487126
250.65112500000004,0.0013012061998913342,0.000883515620663279
250.81650000000005,0.001283570351115649,0.0008736660363258148
250.98187500000003,0.0012660992777730454,0.0008638848649568399
251.14725000000004,0.0012487921245778679,0.0008541719155073772
251.31262500000003,0.0012316480381280876,0.0008445269963675981
251.47800000000004,0.0012146661669165107,0.0008349499153754167
251.64337500000005,0.0011978456613418614,0.0008254404798250946
251.80875000000003,0.0011811856737196564,0.0008159984964757245
251.97412500000004,0.001164685358292954,0.0008066237715597185
252.13950000000003,0.0011483438712429571,0.0007973161107912644
252.30487500000004,0.0011321603706994498,0.0007880753193747044
252.47025000000005,0.0011161340167510742,0.000778901202012897
252.63562500000003,0.0011002639714554668,0.0007697935629155122
252.80100000000004,0.0010845493988492448,0.0007607522058073207
252.96637500000003,0.001068989464957835,0.0007517769339363931
253.13175000000004,0.001053583337805156,0.0007428675500822955
253.29712500000005,0.0010383301874231723,0.0007340238565642471
253.46250000000003,0.0010232291858612672,0.0007252456552491788
253.62787500000005,0.001008279507195487,0.0007165327475598208
253.79325000000003,0.0009934803275376686,0.0007078849344827113
253.95862500000004,0.0009788308250443546,0.0006993020165761449
254.12400000000005,0.0009643301799256429,0.0006907837939781332
254.28937500000004,0.0009499775744538589,0.0006823300664142778
254.45475000000005,0.0009357721929720588,0.0006739406332056121
254.62012500000003,0.0009217132219024559,0.0006656152932764164
254.78550000000004,0.0009077998497546529,0.0006573538451619668
254.95087500000002,0.0008940312671337691,0.0006491560870162654
255.11625000000004,0.0008804066667484235,0.0006410218166197227
255.28162500000005,0.000866925243418576,0.0006329508313867863
255.44700000000003,0.000853586194083226,0.0006249429283735394
255.61237500000004,0.0008403887178080077,0.0006169979042852621
255.77775000000003,0.0008273320157926179,0.0006091155554839369
255.94312500000004,0.0008144152913781335,0.0006012956779957265
256.10850000000005,0.0008016377500541958,0.0005935380675184066
256.27387500000003,0.0007889985994660525,0.0005858425194287583
256.43925,0.000776497049421481,0.0005782088287899032
256.604625,0.0007641323118975779,0.0005706367903586317
256.77000000000004,0.0007519036010474268,0.0005631261985926577
256.935375,0.0007398101332066514,0.0005556768476578605
257.10075,0.0007278511268998024,0.0005482885314354589
257.26612500000005,0.0007160258028466572,0.0005409610435291556
257.4315,0.0007043333839683969,0.0005336941772722563
257.596875,0.000692773095393634,0.0005264877257347293
257.76225000000005,0.0006813441644643326,0.0005193414817302285
257.92762500000003,0.0006700458207416201,0.0005122552378230821
258.093,0.0006588772960114557,0.000505228786335243
258.258375,0.0006478378242901966,0.0004982619193531824
258.42375000000004,0.0006369266418300163,0.0004913544287347534
258.589125,0.000626142987124284,0.0004845061061160478
258.7545,0.0006154861009127071,0.00047771674291814464
258.91987500000005,0.0006049552261864639,0.00047098613035387023
259.08525000000003,0.0005945496081931741,0.00046431405943451624
259.250625,0.0005842684944417475,0.0004577003209764933
259.416,0.0005741111347071499,0.0004511447056079636
259.58137500000004,0.0005640767810350266,0.0004446470037754324
259.74675,0.0005541646877462445,0.0004382070057502957
259.912125,0.0005443741114412905,0.00043182450163535064
260.07750000000004,0.0005347043110045823,0.00042549928137127196
260.242875,0.0005251545476086812,0.0004192311347430393
260.40825,0.0005157240847183534,0.00041301985138633387
260.57362500000005,0.000506412188094561,0.00040686522079388975
260.73900000000003,0.0004972181257983528,0.0004007670323218258
260.904375,0.0004881411681946097,0.00039472507519590697
261.06975,0.0004791805879557235,0.00038873913851779487
261.23512500000004,0.0004703356600651397,0.0003828090112712354
261.4005,0.0004616056618208459,0.0003769344823282473
261.565875,0.00045298987283869476,0.0003711153404552309
261.73125,0.0004444875750556672,0.00036535137431905305
261.89662500000003,0.00043609805273302416,0.00035964237249310366
262.062,0.00042782059245937093,0.000353988123463315
262.227375,0.0004196544831535847,0.0003483884156341175
262.39275000000004,0.0004115990160676807,0.0003428430373343867
262.558125,0.0004036534847895864,0.0003373517768233548
262.7235,0.00039581718524575994,0.0003319144222964446
262.888875,0.00038808941570379495,0.00032653076189112165
263.05425,0.0003804694767748575,0.00032120058369265763
263.219625,0.0003729566714160804,0.0003159236757399031
263.385,0.0003655503049328279,0.0003106998260309832
263.55037500000003,0.00035824968498088597,0.00030552882252898373
263.71575,0.00035105412156856295,0.00030041045316758574
263.881125,0.0003439629270586839,0.0002953445058566771
264.04650000000004,0.0003369754161704962,0.00029033076848790156
264.211875,0.0003300909059815055,0.0002853690289402059
264.37725,0.0003233087159291944,0.0002804590750853266
264.542625,0.00031662816781267446,0.00027560069479324494
264.708,0.0003100485857942327,0.00027079367593761417
264.873375,0.000303569296400801,0.0002660378064011325
265.03875,0.000297189628525353,0.0002613328740809141
265.20412500000003,0.00029090891342817076,0.0002566786668937791
265.3695,0.000284726484738075,0.00025207497278153737
265.534875,0.00027864167845355196,0.0002475215797162443
265.70025000000004,0.00027265383294377974,0.000243018275705387
265.865625,0.0002667622889496136,0.00023856484879707733
266.031,0.0002609663895844315,0.00023416108708515792
266.196375,0.0002552654803349524,0.00022980677871432934
266.36175000000003,0.0002496589090619447,0.00022550171188520584
266.527125,0.00024414602600086264,0.00022124567485934702
266.6925,0.00023872618376239357,0.00021703845596424687
266.85787500000004,0.00023339873733294118,0.00021287984359830045
267.02325,0.00022816304407502567,0.0002087696262357309
267.188625,0.000223018463727596,0.00020470759243148155
267.354,0.00021796435840628093,0.0002006935308260622
267.519375,0.0002130000926035481,0.0001967272301503825
267.68475,0.00020812503318881566,0.0001928084792305476
267.850125,0.00020333854940844122,0.00018893706699258552
268.01550000000003,0.00019864001288568905,0.00018511278246719767
268.180875,0.00019402879762058946,0.00018133541479442854
268.34625,0.00018950427998973542,0.0001776047532283193
268.51162500000004,0.00018506583874600965,0.00017392058714153064
268.677,0.00018071285501823942,0.0001702827060299283
268.842375,0.00017644471231077486,0.00016669089951713145
269.00775,0.000172260796503005,0.00016314495735903604
269.173125,0.00016816049584879368,0.00015964466944829348
269.3385,0.00016414320097586004,0.00015618982581876633
269.503875,0.00016020830488508268,0.0001527802166499541
269.66925000000003,0.00015635520294973065,0.00014941563227136769
269.834625,0.00015258329291464076,0.0001460958631668893
270.0,0.00014889197489531309,0.00014282069997908987
