mediator_eV,true_recoil_keV,raw_counts_per_keV_per_alpha2_in_2p84_tonne_year
0.001,1,4.699832025256495e+26
0.001,2,1.1207776428741666e+26
0.001,3,4.7499902517247665e+25
0.001,4,2.546986360197946e+25
0.001,5,1.553353815477533e+25
0.001,6,1.0275922565883741e+25
0.001,7,7.189288162182286e+24
0.001,8,5.239656661959801e+24
0.001,9,3.9394639762125255e+24
0.001,10,3.035262164460135e+24
0.001,11,2.3851497237525353e+24
0.001,12,1.9048903233695355e+24
0.001,13,1.5420540080179221e+24
0.001,14,1.2627051888390744e+24
0.001,15,1.0441444068011017e+24
0.001,16,8.707563519108639e+23
0.001,17,7.315361134450365e+23
0.001,18,6.185628481849895e+23
0.001,19,5.2602894481936326e+23
0.001,20,4.496058231903604e+23
0.001,21,3.860197490758383e+23
0.001,22,3.327620896019099e+23
0.001,23,2.8788763305013754e+23
0.001,24,2.49871799583102e+23
0.001,25,2.175079764469574e+23
0.001,26,1.8983265916349877e+23
0.001,27,1.66070162622285e+23
0.001,28,1.4559130213658856e+23
0.001,29,1.2788217776914051e+23
0.001,30,1.1252035385784496e+23
0.001,31,9.91565120973682e+22
0.001,32,8.750019791688273e+22
0.001,33,7.73086575031312e+22
0.001,34,6.837802942388644e+22
0.001,35,6.053634519121549e+22
0.001,36,5.363793050962834e+22
0.001,37,4.755889911518042e+22
0.001,38,4.2193504808376365e+22
0.001,39,3.745117198701191e+22
0.001,40,3.3254065927468035e+22
0.001,41,2.953509494643841e+22
0.001,42,2.623626004365827e+22
0.001,43,2.330728558533726e+22
0.001,44,2.070447842252637e+22
0.001,45,1.8389773563169576e+22
0.001,46,1.6329932880162983e+22
0.001,47,1.4495869897396548e+22
0.001,48,1.2862078868582461e+22
0.001,49,1.1406150464077266e+22
0.001,50,1.0108359647334618e+22
0.001,51,8.951313937043823e+21
0.001,52,7.919652353060337e+21
0.001,53,6.999787041670423e+21
0.001,54,6.179680952150005e+21
0.001,55,5.448656057142955e+21
0.001,56,4.797227525159248e+21
0.001,57,4.216960004660123e+21
0.001,58,3.700342797530487e+21
0.001,59,3.240681210461559e+21
0.001,60,2.832001795993157e+21
0.001,61,2.468969546794581e+21
0.001,62,2.1468154001313518e+21
0.001,63,1.861272654806518e+21
0.001,64,1.6085211086253533e+21
0.001,65,1.3851378974687408e+21
0.001,66,1.1880541629646892e+21
0.001,67,1.0145167990878258e+21
0.001,68,8.620546325415865e+20
0.001,69,7.28448480569733e+20
0.001,70,6.117046054460144e+20
0.001,71,5.100311494071772e+20
0.001,72,4.2181718897057844e+20
0.001,73,3.456140948654516e+20
0.001,74,2.801189244168122e+20
0.001,75,2.2415960816562232e+20
0.001,76,1.7668172263634344e+20
0.001,77,1.3673666718600595e+20
0.001,78,1.0347108538756106e+20
0.001,79,7.611739092067702e+19
0.001,80,5.398527489362834e+19
0.001,81,3.645408626338788e+19
0.001,82,2.296598986546673e+19
0.001,83,1.3019817772871336e+19
0.001,84,6.165539498083958e+18
0.001,85,1.9992851244094523e+18
0.001,86,1.5886296652950595e+17
0.001,87,3.1971995493558285e+17
0.001,88,2.1912987352599706e+18
0.001,89,5.513750574935333e+18
0.001,90,1.0054967665236533e+19
0.001,91,1.5607902373570318e+19
0.001,92,2.198814450541222e+19
0.001,93,2.903173073514669e+19
0.001,94,3.659316311019812e+19
0.001,95,4.454361596662436e+19
0.001,96,5.2769312754495136e+19
0.001,97,6.117005619075765e+19
0.001,98,6.9657896864522445e+19
0.001,99,7.815592693984304e+19
0.001,100,8.659718695592079e+19
0.001,101,9.492367493348308e+19
0.001,102,1.0308544807552283e+20
0.001,103,1.110398083155339e+20
0.001,104,1.1875056382961045e+20
0.001,105,1.261873594018598e+20
0.001,106,1.3332506922537288e+20
0.001,107,1.4014324634250995e+20
0.001,108,1.4662562348614653e+20
0.001,109,1.5275966058483558e+20
0.001,110,1.5853613464554452e+20
0.001,111,1.639487681332359e+20
0.001,112,1.689938923317929e+20
0.001,113,1.7367014249994912e+20
0.001,114,1.7797818193269608e+20
0.001,115,1.8192045230653345e+20
0.001,116,1.8550094792879348e+20
0.001,117,1.8872501172987334e+20
0.001,118,1.9159915103483576e+20
0.001,119,1.9413087132965595e+20
0.001,120,1.963285263992732e+20
0.001,121,1.9820118336124115e+20
0.001,122,1.9975850125166143e+20
0.001,123,2.010106219406176e+20
0.001,124,2.019680722636592e+20
0.001,125,2.0264167635515795e+20
0.001,126,2.030424772595136e+20
0.001,127,2.031816669781056e+20
0.001,128,2.0307052418436884e+20
0.001,129,2.0272035890710305e+20
0.001,130,2.0214246354376973e+20
0.001,131,2.013480696216309e+20
0.001,132,2.003483097756858e+20
0.001,133,1.991541844589062e+20
0.001,134,1.9777653294270087e+20
0.001,135,1.962260082042135e+20
0.001,136,1.9451305533233896e+20
0.001,137,1.926478931165171e+20
0.001,138,1.906404985117464e+20
0.001,139,1.8850059370005358e+20
0.001,140,1.8623763549315275e+20
0.001,141,1.838608068433804e+20
0.001,142,1.8137901025042176e+20
0.001,143,1.788008628700178e+20
0.001,144,1.7613469314789605e+20
0.001,145,1.7338853881777763e+20
0.001,146,1.7057014611656724e+20
0.001,147,1.676869700828815e+20
0.001,148,1.6474617581699527e+20
0.001,149,1.6175464059120468e+20
0.001,150,1.587189567095834e+20
0.001,151,1.55645435025246e+20
0.001,152,1.525401090315864e+20
0.001,153,1.4940873945160892e+20
0.001,154,1.4625681925646603e+20
0.001,155,1.4308957905071771e+20
0.001,156,1.399119927676871e+20
0.001,157,1.3672878362364794e+20
0.001,158,1.3354443028448223e+20
0.001,159,1.3036317320293017e+20
0.001,160,1.2718902108866362e+20
0.001,161,1.2402575747715903e+20
0.001,162,1.2087694736678384e+20
0.001,163,1.1774594389664173e+20
0.001,164,1.146358950405907e+20
0.001,165,1.1154975029546302e+20
0.001,166,1.0849026734391535e+20
0.001,167,1.0546001867451025e+20
0.001,168,1.024613981436307e+20
0.001,169,9.949662746564251e+19
0.001,170,9.65677626193763e+19
0.001,171,9.367670016051192e+19
0.001,172,9.082518343081943e+19
0.001,173,8.80148086564623e+19
0.001,174,8.524703092870591e+19
0.001,175,8.252317006140401e+19
0.001,176,7.98444163205747e+19
0.001,177,7.72118360222247e+19
0.001,178,7.462637699535027e+19
0.001,179,7.208887390773687e+19
0.001,180,6.9600053452809535e+19
0.001,181,6.71605393963451e+19
0.001,182,6.477085748237553e+19
0.001,183,6.243144019805868e+19
0.001,184,6.014263139770786e+19
0.001,185,5.790469078653768e+19
0.001,186,5.571779826500402e+19
0.001,187,5.358205813491188e+19
0.001,188,5.1497503168715784e+19
0.001,189,4.9464098543668945e+19
0.001,190,4.748174564266665e+19
0.001,191,4.555028572381283e+19
0.001,192,4.36695034608776e+19
0.001,193,4.1839130356950925e+19
0.001,194,4.005884803370077e+19
0.001,195,3.8328291398737986e+19
0.001,196,3.6647051693667336e+19
0.001,197,3.5014679425464226e+19
0.001,198,3.343068718386443e+19
0.001,199,3.189455234749371e+19
0.001,200,3.0405719681486852e+19
0.001,201,2.896360382936462e+19
0.001,202,2.756759170194414e+19
0.001,203,2.6217044766056423e+19
0.001,204,2.4911301235840795e+19
0.001,205,2.364967816937025e+19
0.001,206,2.2431473473342726e+19
0.001,207,2.1255967818551812e+19
0.001,208,2.0122426468817998e+19
0.001,209,1.9030101026034156e+19
0.001,210,1.797823109393896e+19
0.001,211,1.6966045863195333e+19
0.001,212,1.599276562031063e+19
0.001,213,1.505760318288981e+19
0.001,214,1.4159765263668111e+19
0.001,215,1.3298453765724197e+19
0.001,216,1.2472867011224494e+19
0.001,217,1.1682200906000896e+19
0.001,218,1.092565004221476e+19
0.001,219,1.0202408741306952e+19
0.001,220,9.511672039385104e+18
0.001,221,8.852636617145568e+18
0.001,222,8.224501676376803e+18
0.001,223,7.626469765039387e+18
0.001,224,7.057747552864744e+18
0.001,225,6.51754655936574e+18
0.001,226,6.005083836098902e+18
0.001,227,5.519582604968883e+18
0.001,228,5.060272854314625e+18
0.001,229,4.626391894468283e+18
0.001,230,4.2171848744277166e+18
0.001,231,3.831905261236075e+18
0.001,232,3.46981528361386e+18
0.001,233,3.13018634134268e+18
0.001,234,2.812299381852836e+18
0.001,235,2.515445245423382e+18
0.001,236,2.2389249803572268e+18
0.001,237,1.9820501294519058e+18
0.001,238,1.7441429890428808e+18
0.001,239,1.5245368418558792e+18
0.001,240,1.3225761648628178e+18
0.001,241,1.1376168132968831e+18
0.001,242,9.690261819433935e+17
0.001,243,8.161833447845265e+17
0.001,244,6.784791740397997e+17
0.001,245,5.5531643960743514e+17
0.001,246,4.4610988987684397e+17
0.001,247,3.5028631484822957e+17
0.001,248,2.672845924616449e+17
0.001,249,1.965557190056465e+17
0.001,250,1.3756282444389128e+17
0.001,251,8.978117346740202e+16
0.001,252,5.269815305019096e+16
0.001,253,2.581324725708241e+16
0.001,254,8638000024193453.0
0.001,255,695966605259832.0
0.001,256,1522654350363426.0
0.001,257,1.06654534578231e+16
0.001,258,2.768355831499258e+16
0.001,259,5.214788001945895e+16
0.001,260,8.364095064856464e+16
0.001,261,1.2175681982247893e+17
0.001,262,1.6610094408381274e+17
0.001,263,2.162900695955548e+17
0.001,264,2.7195210863822723e+17
0.001,265,3.327260103672628e+17
0.001,266,3.982616262720921e+17
0.001,267,4.682195707597066e+17
0.001,268,5.4227107726738874e+17
0.001,269,6.200978502914886e+17
0.001,270,7.013919137026157e+17
0.01,1,4.699832025256495e+26
0.01,2,1.1207776428741666e+26
0.01,3,4.7499902517247665e+25
0.01,4,2.546986360197946e+25
0.01,5,1.553353815477533e+25
0.01,6,1.0275922565883741e+25
0.01,7,7.189288162182286e+24
0.01,8,5.239656661959801e+24
0.01,9,3.9394639762125255e+24
0.01,10,3.035262164460135e+24
0.01,11,2.3851497237525353e+24
0.01,12,1.9048903233695355e+24
0.01,13,1.5420540080179221e+24
0.01,14,1.2627051888390744e+24
0.01,15,1.0441444068011017e+24
0.01,16,8.707563519108639e+23
0.01,17,7.315361134450365e+23
0.01,18,6.185628481849895e+23
0.01,19,5.2602894481936326e+23
0.01,20,4.496058231903604e+23
0.01,21,3.860197490758383e+23
0.01,22,3.327620896019099e+23
0.01,23,2.8788763305013754e+23
0.01,24,2.49871799583102e+23
0.01,25,2.175079764469574e+23
0.01,26,1.8983265916349877e+23
0.01,27,1.66070162622285e+23
0.01,28,1.4559130213658856e+23
0.01,29,1.2788217776914051e+23
0.01,30,1.1252035385784496e+23
0.01,31,9.91565120973682e+22
0.01,32,8.750019791688273e+22
0.01,33,7.73086575031312e+22
0.01,34,6.837802942388644e+22
0.01,35,6.053634519121549e+22
0.01,36,5.363793050962834e+22
0.01,37,4.755889911518042e+22
0.01,38,4.2193504808376365e+22
0.01,39,3.745117198701191e+22
0.01,40,3.3254065927468035e+22
0.01,41,2.953509494643841e+22
0.01,42,2.623626004365827e+22
0.01,43,2.330728558533726e+22
0.01,44,2.070447842252637e+22
0.01,45,1.8389773563169576e+22
0.01,46,1.6329932880162983e+22
0.01,47,1.4495869897396548e+22
0.01,48,1.2862078868582461e+22
0.01,49,1.1406150464077266e+22
0.01,50,1.0108359647334618e+22
0.01,51,8.951313937043823e+21
0.01,52,7.919652353060337e+21
0.01,53,6.999787041670423e+21
0.01,54,6.179680952150005e+21
0.01,55,5.448656057142955e+21
0.01,56,4.797227525159248e+21
0.01,57,4.216960004660123e+21
0.01,58,3.700342797530487e+21
0.01,59,3.240681210461559e+21
0.01,60,2.832001795993157e+21
0.01,61,2.468969546794581e+21
0.01,62,2.1468154001313518e+21
0.01,63,1.861272654806518e+21
0.01,64,1.6085211086253533e+21
0.01,65,1.3851378974687408e+21
0.01,66,1.1880541629646892e+21
0.01,67,1.0145167990878258e+21
0.01,68,8.620546325415865e+20
0.01,69,7.28448480569733e+20
0.01,70,6.117046054460144e+20
0.01,71,5.100311494071772e+20
0.01,72,4.2181718897057844e+20
0.01,73,3.456140948654516e+20
0.01,74,2.801189244168122e+20
0.01,75,2.2415960816562232e+20
0.01,76,1.7668172263634344e+20
0.01,77,1.3673666718600595e+20
0.01,78,1.0347108538756106e+20
0.01,79,7.611739092067702e+19
0.01,80,5.398527489362834e+19
0.01,81,3.645408626338788e+19
0.01,82,2.296598986546673e+19
0.01,83,1.3019817772871336e+19
0.01,84,6.165539498083958e+18
0.01,85,1.9992851244094523e+18
0.01,86,1.5886296652950595e+17
0.01,87,3.1971995493558285e+17
0.01,88,2.1912987352599706e+18
0.01,89,5.513750574935333e+18
0.01,90,1.0054967665236533e+19
0.01,91,1.5607902373570318e+19
0.01,92,2.198814450541222e+19
0.01,93,2.903173073514669e+19
0.01,94,3.659316311019812e+19
0.01,95,4.454361596662436e+19
0.01,96,5.2769312754495136e+19
0.01,97,6.117005619075765e+19
0.01,98,6.9657896864522445e+19
0.01,99,7.815592693984304e+19
0.01,100,8.659718695592079e+19
0.01,101,9.492367493348308e+19
0.01,102,1.0308544807552283e+20
0.01,103,1.110398083155339e+20
0.01,104,1.1875056382961045e+20
0.01,105,1.261873594018598e+20
0.01,106,1.3332506922537288e+20
0.01,107,1.4014324634250995e+20
0.01,108,1.4662562348614653e+20
0.01,109,1.5275966058483558e+20
0.01,110,1.5853613464554452e+20
0.01,111,1.639487681332359e+20
0.01,112,1.689938923317929e+20
0.01,113,1.7367014249994912e+20
0.01,114,1.7797818193269608e+20
0.01,115,1.8192045230653345e+20
0.01,116,1.8550094792879348e+20
0.01,117,1.8872501172987334e+20
0.01,118,1.9159915103483576e+20
0.01,119,1.9413087132965595e+20
0.01,120,1.963285263992732e+20
0.01,121,1.9820118336124115e+20
0.01,122,1.9975850125166143e+20
0.01,123,2.010106219406176e+20
0.01,124,2.019680722636592e+20
0.01,125,2.0264167635515795e+20
0.01,126,2.030424772595136e+20
0.01,127,2.031816669781056e+20
0.01,128,2.0307052418436884e+20
0.01,129,2.0272035890710305e+20
0.01,130,2.0214246354376973e+20
0.01,131,2.013480696216309e+20
0.01,132,2.003483097756858e+20
0.01,133,1.991541844589062e+20
0.01,134,1.9777653294270087e+20
0.01,135,1.962260082042135e+20
0.01,136,1.9451305533233896e+20
0.01,137,1.926478931165171e+20
0.01,138,1.906404985117464e+20
0.01,139,1.8850059370005358e+20
0.01,140,1.8623763549315275e+20
0.01,141,1.838608068433804e+20
0.01,142,1.8137901025042176e+20
0.01,143,1.788008628700178e+20
0.01,144,1.7613469314789605e+20
0.01,145,1.7338853881777763e+20
0.01,146,1.7057014611656724e+20
0.01,147,1.676869700828815e+20
0.01,148,1.6474617581699527e+20
0.01,149,1.6175464059120468e+20
0.01,150,1.587189567095834e+20
0.01,151,1.55645435025246e+20
0.01,152,1.525401090315864e+20
0.01,153,1.4940873945160892e+20
0.01,154,1.4625681925646603e+20
0.01,155,1.4308957905071771e+20
0.01,156,1.399119927676871e+20
0.01,157,1.3672878362364794e+20
0.01,158,1.3354443028448223e+20
0.01,159,1.3036317320293017e+20
0.01,160,1.2718902108866362e+20
0.01,161,1.2402575747715903e+20
0.01,162,1.2087694736678384e+20
0.01,163,1.1774594389664173e+20
0.01,164,1.146358950405907e+20
0.01,165,1.1154975029546302e+20
0.01,166,1.0849026734391535e+20
0.01,167,1.0546001867451025e+20
0.01,168,1.024613981436307e+20
0.01,169,9.949662746564251e+19
0.01,170,9.65677626193763e+19
0.01,171,9.367670016051192e+19
0.01,172,9.082518343081943e+19
0.01,173,8.80148086564623e+19
0.01,174,8.524703092870591e+19
0.01,175,8.252317006140401e+19
0.01,176,7.98444163205747e+19
0.01,177,7.72118360222247e+19
0.01,178,7.462637699535027e+19
0.01,179,7.208887390773687e+19
0.01,180,6.9600053452809535e+19
0.01,181,6.71605393963451e+19
0.01,182,6.477085748237553e+19
0.01,183,6.243144019805868e+19
0.01,184,6.014263139770786e+19
0.01,185,5.790469078653768e+19
0.01,186,5.571779826500402e+19
0.01,187,5.358205813491188e+19
0.01,188,5.1497503168715784e+19
0.01,189,4.9464098543668945e+19
0.01,190,4.748174564266665e+19
0.01,191,4.555028572381283e+19
0.01,192,4.36695034608776e+19
0.01,193,4.1839130356950925e+19
0.01,194,4.005884803370077e+19
0.01,195,3.8328291398737986e+19
0.01,196,3.6647051693667336e+19
0.01,197,3.5014679425464226e+19
0.01,198,3.343068718386443e+19
0.01,199,3.189455234749371e+19
0.01,200,3.0405719681486852e+19
0.01,201,2.896360382936462e+19
0.01,202,2.756759170194414e+19
0.01,203,2.6217044766056423e+19
0.01,204,2.4911301235840795e+19
0.01,205,2.364967816937025e+19
0.01,206,2.2431473473342726e+19
0.01,207,2.1255967818551812e+19
0.01,208,2.0122426468817998e+19
0.01,209,1.9030101026034156e+19
0.01,210,1.797823109393896e+19
0.01,211,1.6966045863195333e+19
0.01,212,1.599276562031063e+19
0.01,213,1.505760318288981e+19
0.01,214,1.4159765263668111e+19
0.01,215,1.3298453765724197e+19
0.01,216,1.2472867011224494e+19
0.01,217,1.1682200906000896e+19
0.01,218,1.092565004221476e+19
0.01,219,1.0202408741306952e+19
0.01,220,9.511672039385104e+18
0.01,221,8.852636617145568e+18
0.01,222,8.224501676376803e+18
0.01,223,7.626469765039387e+18
0.01,224,7.057747552864744e+18
0.01,225,6.51754655936574e+18
0.01,226,6.005083836098902e+18
0.01,227,5.519582604968883e+18
0.01,228,5.060272854314625e+18
0.01,229,4.626391894468283e+18
0.01,230,4.2171848744277166e+18
0.01,231,3.831905261236075e+18
0.01,232,3.46981528361386e+18
0.01,233,3.13018634134268e+18
0.01,234,2.812299381852836e+18
0.01,235,2.515445245423382e+18
0.01,236,2.2389249803572268e+18
0.01,237,1.9820501294519058e+18
0.01,238,1.7441429890428808e+18
0.01,239,1.5245368418558792e+18
0.01,240,1.3225761648628178e+18
0.01,241,1.1376168132968831e+18
0.01,242,9.690261819433935e+17
0.01,243,8.161833447845265e+17
0.01,244,6.784791740397997e+17
0.01,245,5.5531643960743514e+17
0.01,246,4.4610988987684397e+17
0.01,247,3.5028631484822957e+17
0.01,248,2.672845924616449e+17
0.01,249,1.965557190056465e+17
0.01,250,1.3756282444389128e+17
0.01,251,8.978117346740202e+16
0.01,252,5.269815305019096e+16
0.01,253,2.581324725708241e+16
0.01,254,8638000024193453.0
0.01,255,695966605259832.0
0.01,256,1522654350363426.0
0.01,257,1.06654534578231e+16
0.01,258,2.768355831499258e+16
0.01,259,5.214788001945895e+16
0.01,260,8.364095064856464e+16
0.01,261,1.2175681982247893e+17
0.01,262,1.6610094408381274e+17
0.01,263,2.162900695955548e+17
0.01,264,2.7195210863822723e+17
0.01,265,3.327260103672628e+17
0.01,266,3.982616262720921e+17
0.01,267,4.682195707597066e+17
0.01,268,5.4227107726738874e+17
0.01,269,6.200978502914886e+17
0.01,270,7.013919137026157e+17
0.1,1,4.699832025256495e+26
0.1,2,1.1207776428741666e+26
0.1,3,4.7499902517247665e+25
0.1,4,2.546986360197946e+25
0.1,5,1.553353815477533e+25
0.1,6,1.0275922565883741e+25
0.1,7,7.189288162182286e+24
0.1,8,5.239656661959801e+24
0.1,9,3.9394639762125255e+24
0.1,10,3.035262164460135e+24
0.1,11,2.3851497237525353e+24
0.1,12,1.9048903233695355e+24
0.1,13,1.5420540080179221e+24
0.1,14,1.2627051888390744e+24
0.1,15,1.0441444068011017e+24
0.1,16,8.707563519108639e+23
0.1,17,7.315361134450365e+23
0.1,18,6.185628481849895e+23
0.1,19,5.2602894481936326e+23
0.1,20,4.496058231903604e+23
0.1,21,3.860197490758383e+23
0.1,22,3.327620896019099e+23
0.1,23,2.8788763305013754e+23
0.1,24,2.49871799583102e+23
0.1,25,2.175079764469574e+23
0.1,26,1.8983265916349877e+23
0.1,27,1.66070162622285e+23
0.1,28,1.4559130213658856e+23
0.1,29,1.2788217776914051e+23
0.1,30,1.1252035385784496e+23
0.1,31,9.91565120973682e+22
0.1,32,8.750019791688273e+22
0.1,33,7.73086575031312e+22
0.1,34,6.837802942388644e+22
0.1,35,6.053634519121549e+22
0.1,36,5.363793050962834e+22
0.1,37,4.755889911518042e+22
0.1,38,4.2193504808376365e+22
0.1,39,3.745117198701191e+22
0.1,40,3.3254065927468035e+22
0.1,41,2.953509494643841e+22
0.1,42,2.623626004365827e+22
0.1,43,2.330728558533726e+22
0.1,44,2.070447842252637e+22
0.1,45,1.8389773563169576e+22
0.1,46,1.6329932880162983e+22
0.1,47,1.4495869897396548e+22
0.1,48,1.2862078868582461e+22
0.1,49,1.1406150464077266e+22
0.1,50,1.0108359647334618e+22
0.1,51,8.951313937043823e+21
0.1,52,7.919652353060337e+21
0.1,53,6.999787041670423e+21
0.1,54,6.179680952150005e+21
0.1,55,5.448656057142955e+21
0.1,56,4.797227525159248e+21
0.1,57,4.216960004660123e+21
0.1,58,3.700342797530487e+21
0.1,59,3.240681210461559e+21
0.1,60,2.832001795993157e+21
0.1,61,2.468969546794581e+21
0.1,62,2.1468154001313518e+21
0.1,63,1.861272654806518e+21
0.1,64,1.6085211086253533e+21
0.1,65,1.3851378974687408e+21
0.1,66,1.1880541629646892e+21
0.1,67,1.0145167990878258e+21
0.1,68,8.620546325415865e+20
0.1,69,7.28448480569733e+20
0.1,70,6.117046054460144e+20
0.1,71,5.100311494071772e+20
0.1,72,4.2181718897057844e+20
0.1,73,3.456140948654516e+20
0.1,74,2.801189244168122e+20
0.1,75,2.2415960816562232e+20
0.1,76,1.7668172263634344e+20
0.1,77,1.3673666718600595e+20
0.1,78,1.0347108538756106e+20
0.1,79,7.611739092067702e+19
0.1,80,5.398527489362834e+19
0.1,81,3.645408626338788e+19
0.1,82,2.296598986546673e+19
0.1,83,1.3019817772871336e+19
0.1,84,6.165539498083958e+18
0.1,85,1.9992851244094523e+18
0.1,86,1.5886296652950595e+17
0.1,87,3.1971995493558285e+17
0.1,88,2.1912987352599706e+18
0.1,89,5.513750574935333e+18
0.1,90,1.0054967665236533e+19
0.1,91,1.5607902373570318e+19
0.1,92,2.198814450541222e+19
0.1,93,2.903173073514669e+19
0.1,94,3.659316311019812e+19
0.1,95,4.454361596662436e+19
0.1,96,5.2769312754495136e+19
0.1,97,6.117005619075765e+19
0.1,98,6.9657896864522445e+19
0.1,99,7.815592693984304e+19
0.1,100,8.659718695592079e+19
0.1,101,9.492367493348308e+19
0.1,102,1.0308544807552283e+20
0.1,103,1.110398083155339e+20
0.1,104,1.1875056382961045e+20
0.1,105,1.261873594018598e+20
0.1,106,1.3332506922537288e+20
0.1,107,1.4014324634250995e+20
0.1,108,1.4662562348614653e+20
0.1,109,1.5275966058483558e+20
0.1,110,1.5853613464554452e+20
0.1,111,1.639487681332359e+20
0.1,112,1.689938923317929e+20
0.1,113,1.7367014249994912e+20
0.1,114,1.7797818193269608e+20
0.1,115,1.8192045230653345e+20
0.1,116,1.8550094792879348e+20
0.1,117,1.8872501172987334e+20
0.1,118,1.9159915103483576e+20
0.1,119,1.9413087132965595e+20
0.1,120,1.963285263992732e+20
0.1,121,1.9820118336124115e+20
0.1,122,1.9975850125166143e+20
0.1,123,2.010106219406176e+20
0.1,124,2.019680722636592e+20
0.1,125,2.0264167635515795e+20
0.1,126,2.030424772595136e+20
0.1,127,2.031816669781056e+20
0.1,128,2.0307052418436884e+20
0.1,129,2.0272035890710305e+20
0.1,130,2.0214246354376973e+20
0.1,131,2.013480696216309e+20
0.1,132,2.003483097756858e+20
0.1,133,1.991541844589062e+20
0.1,134,1.9777653294270087e+20
0.1,135,1.962260082042135e+20
0.1,136,1.9451305533233896e+20
0.1,137,1.926478931165171e+20
0.1,138,1.906404985117464e+20
0.1,139,1.8850059370005358e+20
0.1,140,1.8623763549315275e+20
0.1,141,1.838608068433804e+20
0.1,142,1.8137901025042176e+20
0.1,143,1.788008628700178e+20
0.1,144,1.7613469314789605e+20
0.1,145,1.7338853881777763e+20
0.1,146,1.7057014611656724e+20
0.1,147,1.676869700828815e+20
0.1,148,1.6474617581699527e+20
0.1,149,1.6175464059120468e+20
0.1,150,1.587189567095834e+20
0.1,151,1.55645435025246e+20
0.1,152,1.525401090315864e+20
0.1,153,1.4940873945160892e+20
0.1,154,1.4625681925646603e+20
0.1,155,1.4308957905071771e+20
0.1,156,1.399119927676871e+20
0.1,157,1.3672878362364794e+20
0.1,158,1.3354443028448223e+20
0.1,159,1.3036317320293017e+20
0.1,160,1.2718902108866362e+20
0.1,161,1.2402575747715903e+20
0.1,162,1.2087694736678384e+20
0.1,163,1.1774594389664173e+20
0.1,164,1.146358950405907e+20
0.1,165,1.1154975029546302e+20
0.1,166,1.0849026734391535e+20
0.1,167,1.0546001867451025e+20
0.1,168,1.024613981436307e+20
0.1,169,9.949662746564251e+19
0.1,170,9.65677626193763e+19
0.1,171,9.367670016051192e+19
0.1,172,9.082518343081943e+19
0.1,173,8.80148086564623e+19
0.1,174,8.524703092870591e+19
0.1,175,8.252317006140401e+19
0.1,176,7.98444163205747e+19
0.1,177,7.72118360222247e+19
0.1,178,7.462637699535027e+19
0.1,179,7.208887390773687e+19
0.1,180,6.9600053452809535e+19
0.1,181,6.71605393963451e+19
0.1,182,6.477085748237553e+19
0.1,183,6.243144019805868e+19
0.1,184,6.014263139770786e+19
0.1,185,5.790469078653768e+19
0.1,186,5.571779826500402e+19
0.1,187,5.358205813491188e+19
0.1,188,5.1497503168715784e+19
0.1,189,4.9464098543668945e+19
0.1,190,4.748174564266665e+19
0.1,191,4.555028572381283e+19
0.1,192,4.36695034608776e+19
0.1,193,4.1839130356950925e+19
0.1,194,4.005884803370077e+19
0.1,195,3.8328291398737986e+19
0.1,196,3.6647051693667336e+19
0.1,197,3.5014679425464226e+19
0.1,198,3.343068718386443e+19
0.1,199,3.189455234749371e+19
0.1,200,3.0405719681486852e+19
0.1,201,2.896360382936462e+19
0.1,202,2.756759170194414e+19
0.1,203,2.6217044766056423e+19
0.1,204,2.4911301235840795e+19
0.1,205,2.364967816937025e+19
0.1,206,2.2431473473342726e+19
0.1,207,2.1255967818551812e+19
0.1,208,2.0122426468817998e+19
0.1,209,1.9030101026034156e+19
0.1,210,1.797823109393896e+19
0.1,211,1.6966045863195333e+19
0.1,212,1.599276562031063e+19
0.1,213,1.505760318288981e+19
0.1,214,1.4159765263668111e+19
0.1,215,1.3298453765724197e+19
0.1,216,1.2472867011224494e+19
0.1,217,1.1682200906000896e+19
0.1,218,1.092565004221476e+19
0.1,219,1.0202408741306952e+19
0.1,220,9.511672039385104e+18
0.1,221,8.852636617145568e+18
0.1,222,8.224501676376803e+18
0.1,223,7.626469765039387e+18
0.1,224,7.057747552864744e+18
0.1,225,6.51754655936574e+18
0.1,226,6.005083836098902e+18
0.1,227,5.519582604968883e+18
0.1,228,5.060272854314625e+18
0.1,229,4.626391894468283e+18
0.1,230,4.2171848744277166e+18
0.1,231,3.831905261236075e+18
0.1,232,3.46981528361386e+18
0.1,233,3.13018634134268e+18
0.1,234,2.812299381852836e+18
0.1,235,2.515445245423382e+18
0.1,236,2.2389249803572268e+18
0.1,237,1.9820501294519058e+18
0.1,238,1.7441429890428808e+18
0.1,239,1.5245368418558792e+18
0.1,240,1.3225761648628178e+18
0.1,241,1.1376168132968831e+18
0.1,242,9.690261819433935e+17
0.1,243,8.161833447845265e+17
0.1,244,6.784791740397997e+17
0.1,245,5.5531643960743514e+17
0.1,246,4.4610988987684397e+17
0.1,247,3.5028631484822957e+17
0.1,248,2.672845924616449e+17
0.1,249,1.965557190056465e+17
0.1,250,1.3756282444389128e+17
0.1,251,8.978117346740202e+16
0.1,252,5.269815305019096e+16
0.1,253,2.581324725708241e+16
0.1,254,8638000024193453.0
0.1,255,695966605259832.0
0.1,256,1522654350363426.0
0.1,257,1.06654534578231e+16
0.1,258,2.768355831499258e+16
0.1,259,5.214788001945895e+16
0.1,260,8.364095064856464e+16
0.1,261,1.2175681982247893e+17
0.1,262,1.6610094408381274e+17
0.1,263,2.162900695955548e+17
0.1,264,2.7195210863822723e+17
0.1,265,3.327260103672628e+17
0.1,266,3.982616262720921e+17
0.1,267,4.682195707597066e+17
0.1,268,5.4227107726738874e+17
0.1,269,6.200978502914886e+17
0.1,270,7.013919137026157e+17
1.0,1,4.699832025256457e+26
1.0,2,1.1207776428741623e+26
1.0,3,4.749990251724753e+25
1.0,4,2.5469863601979404e+25
1.0,5,1.55335381547753e+25
1.0,6,1.0275922565883728e+25
1.0,7,7.189288162182276e+24
1.0,8,5.239656661959797e+24
1.0,9,3.939463976212521e+24
1.0,10,3.035262164460133e+24
1.0,11,2.385149723752534e+24
1.0,12,1.9048903233695345e+24
1.0,13,1.5420540080179216e+24
1.0,14,1.2627051888390736e+24
1.0,15,1.044144406801101e+24
1.0,16,8.707563519108633e+23
1.0,17,7.31536113445036e+23
1.0,18,6.185628481849893e+23
1.0,19,5.260289448193631e+23
1.0,20,4.496058231903604e+23
1.0,21,3.8601974907583814e+23
1.0,22,3.327620896019097e+23
1.0,23,2.8788763305013737e+23
1.0,24,2.4987179958310197e+23
1.0,25,2.175079764469574e+23
1.0,26,1.8983265916349867e+23
1.0,27,1.6607016262228495e+23
1.0,28,1.4559130213658849e+23
1.0,29,1.2788217776914051e+23
1.0,30,1.1252035385784493e+23
1.0,31,9.915651209736819e+22
1.0,32,8.75001979168827e+22
1.0,33,7.730865750313116e+22
1.0,34,6.837802942388641e+22
1.0,35,6.053634519121547e+22
1.0,36,5.363793050962829e+22
1.0,37,4.75588991151804e+22
1.0,38,4.219350480837635e+22
1.0,39,3.7451171987011895e+22
1.0,40,3.325406592746801e+22
1.0,41,2.95350949464384e+22
1.0,42,2.6236260043658262e+22
1.0,43,2.3307285585337248e+22
1.0,44,2.0704478422526364e+22
1.0,45,1.8389773563169574e+22
1.0,46,1.6329932880162979e+22
1.0,47,1.449586989739654e+22
1.0,48,1.2862078868582455e+22
1.0,49,1.1406150464077264e+22
1.0,50,1.0108359647334614e+22
1.0,51,8.95131393704382e+21
1.0,52,7.919652353060334e+21
1.0,53,6.999787041670422e+21
1.0,54,6.179680952150002e+21
1.0,55,5.448656057142953e+21
1.0,56,4.797227525159248e+21
1.0,57,4.2169600046601224e+21
1.0,58,3.7003427975304865e+21
1.0,59,3.240681210461559e+21
1.0,60,2.8320017959931567e+21
1.0,61,2.468969546794581e+21
1.0,62,2.146815400131351e+21
1.0,63,1.8612726548065173e+21
1.0,64,1.6085211086253533e+21
1.0,65,1.3851378974687408e+21
1.0,66,1.1880541629646892e+21
1.0,67,1.0145167990878258e+21
1.0,68,8.620546325415865e+20
1.0,69,7.28448480569733e+20
1.0,70,6.117046054460144e+20
1.0,71,5.100311494071772e+20
1.0,72,4.2181718897057844e+20
1.0,73,3.456140948654516e+20
1.0,74,2.801189244168122e+20
1.0,75,2.2415960816562232e+20
1.0,76,1.7668172263634344e+20
1.0,77,1.3673666718600595e+20
1.0,78,1.0347108538756106e+20
1.0,79,7.611739092067702e+19
1.0,80,5.398527489362834e+19
1.0,81,3.645408626338788e+19
1.0,82,2.296598986546673e+19
1.0,83,1.3019817772871336e+19
1.0,84,6.165539498083958e+18
1.0,85,1.9992851244094523e+18
1.0,86,1.5886296652950595e+17
1.0,87,3.1971995493558285e+17
1.0,88,2.1912987352599706e+18
1.0,89,5.513750574935333e+18
1.0,90,1.0054967665236533e+19
1.0,91,1.5607902373570318e+19
1.0,92,2.198814450541222e+19
1.0,93,2.903173073514669e+19
1.0,94,3.659316311019812e+19
1.0,95,4.454361596662436e+19
1.0,96,5.2769312754495136e+19
1.0,97,6.117005619075765e+19
1.0,98,6.9657896864522445e+19
1.0,99,7.815592693984304e+19
1.0,100,8.659718695592079e+19
1.0,101,9.492367493348308e+19
1.0,102,1.0308544807552283e+20
1.0,103,1.110398083155339e+20
1.0,104,1.1875056382961045e+20
1.0,105,1.261873594018598e+20
1.0,106,1.3332506922537288e+20
1.0,107,1.4014324634250995e+20
1.0,108,1.4662562348614653e+20
1.0,109,1.5275966058483558e+20
1.0,110,1.5853613464554452e+20
1.0,111,1.639487681332359e+20
1.0,112,1.689938923317929e+20
1.0,113,1.7367014249994912e+20
1.0,114,1.7797818193269608e+20
1.0,115,1.8192045230653345e+20
1.0,116,1.8550094792879348e+20
1.0,117,1.8872501172987334e+20
1.0,118,1.9159915103483576e+20
1.0,119,1.9413087132965595e+20
1.0,120,1.963285263992732e+20
1.0,121,1.9820118336124115e+20
1.0,122,1.9975850125166143e+20
1.0,123,2.010106219406176e+20
1.0,124,2.019680722636592e+20
1.0,125,2.0264167635515795e+20
1.0,126,2.030424772595136e+20
1.0,127,2.031816669781056e+20
1.0,128,2.0307052418436884e+20
1.0,129,2.0272035890710305e+20
1.0,130,2.0214246354376973e+20
1.0,131,2.013480696216309e+20
1.0,132,2.003483097756858e+20
1.0,133,1.991541844589062e+20
1.0,134,1.9777653294270087e+20
1.0,135,1.962260082042135e+20
1.0,136,1.9451305533233896e+20
1.0,137,1.926478931165171e+20
1.0,138,1.906404985117464e+20
1.0,139,1.8850059370005358e+20
1.0,140,1.8623763549315275e+20
1.0,141,1.838608068433804e+20
1.0,142,1.8137901025042176e+20
1.0,143,1.788008628700178e+20
1.0,144,1.7613469314789605e+20
1.0,145,1.7338853881777763e+20
1.0,146,1.7057014611656724e+20
1.0,147,1.676869700828815e+20
1.0,148,1.6474617581699527e+20
1.0,149,1.6175464059120468e+20
1.0,150,1.587189567095834e+20
1.0,151,1.55645435025246e+20
1.0,152,1.525401090315864e+20
1.0,153,1.4940873945160892e+20
1.0,154,1.4625681925646603e+20
1.0,155,1.4308957905071771e+20
1.0,156,1.399119927676871e+20
1.0,157,1.3672878362364794e+20
1.0,158,1.3354443028448223e+20
1.0,159,1.3036317320293017e+20
1.0,160,1.2718902108866362e+20
1.0,161,1.2402575747715903e+20
1.0,162,1.2087694736678384e+20
1.0,163,1.1774594389664173e+20
1.0,164,1.146358950405907e+20
1.0,165,1.1154975029546302e+20
1.0,166,1.0849026734391535e+20
1.0,167,1.0546001867451025e+20
1.0,168,1.024613981436307e+20
1.0,169,9.949662746564251e+19
1.0,170,9.65677626193763e+19
1.0,171,9.367670016051192e+19
1.0,172,9.082518343081943e+19
1.0,173,8.80148086564623e+19
1.0,174,8.524703092870591e+19
1.0,175,8.252317006140401e+19
1.0,176,7.98444163205747e+19
1.0,177,7.72118360222247e+19
1.0,178,7.462637699535027e+19
1.0,179,7.208887390773687e+19
1.0,180,6.9600053452809535e+19
1.0,181,6.71605393963451e+19
1.0,182,6.477085748237553e+19
1.0,183,6.243144019805868e+19
1.0,184,6.014263139770786e+19
1.0,185,5.790469078653768e+19
1.0,186,5.571779826500402e+19
1.0,187,5.358205813491188e+19
1.0,188,5.1497503168715784e+19
1.0,189,4.9464098543668945e+19
1.0,190,4.748174564266665e+19
1.0,191,4.555028572381283e+19
1.0,192,4.36695034608776e+19
1.0,193,4.1839130356950925e+19
1.0,194,4.005884803370077e+19
1.0,195,3.8328291398737986e+19
1.0,196,3.6647051693667336e+19
1.0,197,3.5014679425464226e+19
1.0,198,3.343068718386443e+19
1.0,199,3.189455234749371e+19
1.0,200,3.0405719681486852e+19
1.0,201,2.896360382936462e+19
1.0,202,2.756759170194414e+19
1.0,203,2.6217044766056423e+19
1.0,204,2.4911301235840795e+19
1.0,205,2.364967816937025e+19
1.0,206,2.2431473473342726e+19
1.0,207,2.1255967818551812e+19
1.0,208,2.0122426468817998e+19
1.0,209,1.9030101026034156e+19
1.0,210,1.797823109393896e+19
1.0,211,1.6966045863195333e+19
1.0,212,1.599276562031063e+19
1.0,213,1.505760318288981e+19
1.0,214,1.4159765263668111e+19
1.0,215,1.3298453765724197e+19
1.0,216,1.2472867011224494e+19
1.0,217,1.1682200906000896e+19
1.0,218,1.092565004221476e+19
1.0,219,1.0202408741306952e+19
1.0,220,9.511672039385104e+18
1.0,221,8.852636617145568e+18
1.0,222,8.224501676376803e+18
1.0,223,7.626469765039387e+18
1.0,224,7.057747552864744e+18
1.0,225,6.51754655936574e+18
1.0,226,6.005083836098902e+18
1.0,227,5.519582604968883e+18
1.0,228,5.060272854314625e+18
1.0,229,4.626391894468283e+18
1.0,230,4.2171848744277166e+18
1.0,231,3.831905261236075e+18
1.0,232,3.46981528361386e+18
1.0,233,3.13018634134268e+18
1.0,234,2.812299381852836e+18
1.0,235,2.515445245423382e+18
1.0,236,2.2389249803572268e+18
1.0,237,1.9820501294519058e+18
1.0,238,1.7441429890428808e+18
1.0,239,1.5245368418558792e+18
1.0,240,1.3225761648628178e+18
1.0,241,1.1376168132968831e+18
1.0,242,9.690261819433935e+17
1.0,243,8.161833447845265e+17
1.0,244,6.784791740397997e+17
1.0,245,5.5531643960743514e+17
1.0,246,4.4610988987684397e+17
1.0,247,3.5028631484822957e+17
1.0,248,2.672845924616449e+17
1.0,249,1.965557190056465e+17
1.0,250,1.3756282444389128e+17
1.0,251,8.978117346740202e+16
1.0,252,5.269815305019096e+16
1.0,253,2.581324725708241e+16
1.0,254,8638000024193453.0
1.0,255,695966605259832.0
1.0,256,1522654350363426.0
1.0,257,1.06654534578231e+16
1.0,258,2.768355831499258e+16
1.0,259,5.214788001945895e+16
1.0,260,8.364095064856464e+16
1.0,261,1.2175681982247893e+17
1.0,262,1.6610094408381274e+17
1.0,263,2.162900695955548e+17
1.0,264,2.7195210863822723e+17
1.0,265,3.327260103672628e+17
1.0,266,3.982616262720921e+17
1.0,267,4.682195707597066e+17
1.0,268,5.4227107726738874e+17
1.0,269,6.200978502914886e+17
1.0,270,7.013919137026157e+17
10.0,1,4.699832025252651e+26
10.0,2,1.120777642873709e+26
10.0,3,4.749990251723472e+25
10.0,4,2.5469863601974263e+25
10.0,5,1.553353815477279e+25
10.0,6,1.0275922565882337e+25
10.0,7,7.189288162181445e+24
10.0,8,5.239656661959264e+24
10.0,9,3.939463976212166e+24
10.0,10,3.035262164459885e+24
10.0,11,2.3851497237523576e+24
10.0,12,1.9048903233694056e+24
10.0,13,1.542054008017825e+24
10.0,14,1.2627051888390006e+24
10.0,15,1.0441444068010447e+24
10.0,16,8.707563519108196e+23
10.0,17,7.315361134450012e+23
10.0,18,6.185628481849614e+23
10.0,19,5.260289448193405e+23
10.0,20,4.49605823190342e+23
10.0,21,3.860197490758232e+23
10.0,22,3.327620896018975e+23
10.0,23,2.8788763305012727e+23
10.0,24,2.4987179958309344e+23
10.0,25,2.1750797644695028e+23
10.0,26,1.898326591634928e+23
10.0,27,1.6607016262227998e+23
10.0,28,1.4559130213658426e+23
10.0,29,1.2788217776913694e+23
10.0,30,1.1252035385784192e+23
10.0,31,9.91565120973656e+22
10.0,32,8.75001979168805e+22
10.0,33,7.730865750312927e+22
10.0,34,6.837802942388479e+22
10.0,35,6.053634519121408e+22
10.0,36,5.36379305096271e+22
10.0,37,4.755889911517936e+22
10.0,38,4.219350480837544e+22
10.0,39,3.7451171987011123e+22
10.0,40,3.3254065927467347e+22
10.0,41,2.9535094946437823e+22
10.0,42,2.6236260043657755e+22
10.0,43,2.3307285585336816e+22
10.0,44,2.0704478422525983e+22
10.0,45,1.8389773563169243e+22
10.0,46,1.6329932880162691e+22
10.0,47,1.4495869897396292e+22
10.0,48,1.2862078868582237e+22
10.0,49,1.140615046407708e+22
10.0,50,1.010835964733445e+22
10.0,51,8.951313937043679e+21
10.0,52,7.919652353060214e+21
10.0,53,6.999787041670315e+21
10.0,54,6.179680952149909e+21
10.0,55,5.448656057142873e+21
10.0,56,4.797227525159178e+21
10.0,57,4.216960004660063e+21
10.0,58,3.700342797530435e+21
10.0,59,3.240681210461514e+21
10.0,60,2.832001795993118e+21
10.0,61,2.468969546794548e+21
10.0,62,2.1468154001313232e+21
10.0,63,1.8612726548064934e+21
10.0,64,1.6085211086253326e+21
10.0,65,1.3851378974687235e+21
10.0,66,1.1880541629646742e+21
10.0,67,1.0145167990878137e+21
10.0,68,8.62054632541576e+20
10.0,69,7.284484805697244e+20
10.0,70,6.117046054460072e+20
10.0,71,5.100311494071712e+20
10.0,72,4.2181718897057366e+20
10.0,73,3.4561409486544765e+20
10.0,74,2.801189244168091e+20
10.0,75,2.2415960816561983e+20
10.0,76,1.766817226363415e+20
10.0,77,1.3673666718600453e+20
10.0,78,1.0347108538756e+20
10.0,79,7.611739092067621e+19
10.0,80,5.398527489362781e+19
10.0,81,3.6454086263387517e+19
10.0,82,2.296598986546649e+19
10.0,83,1.301981777287121e+19
10.0,84,6.165539498083898e+18
10.0,85,1.9992851244094328e+18
10.0,86,1.5886296652950445e+17
10.0,87,3.197199549355799e+17
10.0,88,2.1912987352599498e+18
10.0,89,5.513750574935283e+18
10.0,90,1.0054967665236441e+19
10.0,91,1.5607902373570175e+19
10.0,92,2.198814450541202e+19
10.0,93,2.9031730735146422e+19
10.0,94,3.659316311019781e+19
10.0,95,4.454361596662398e+19
10.0,96,5.276931275449469e+19
10.0,97,6.117005619075713e+19
10.0,98,6.965789686452185e+19
10.0,99,7.81559269398424e+19
10.0,100,8.659718695592006e+19
10.0,101,9.492367493348227e+19
10.0,102,1.0308544807552202e+20
10.0,103,1.11039808315533e+20
10.0,104,1.1875056382960956e+20
10.0,105,1.2618735940185878e+20
10.0,106,1.3332506922537184e+20
10.0,107,1.4014324634250884e+20
10.0,108,1.4662562348614541e+20
10.0,109,1.5275966058483443e+20
10.0,110,1.5853613464554337e+20
10.0,111,1.639487681332347e+20
10.0,112,1.6899389233179165e+20
10.0,113,1.7367014249994777e+20
10.0,114,1.7797818193269486e+20
10.0,115,1.8192045230653214e+20
10.0,116,1.8550094792879227e+20
10.0,117,1.88725011729872e+20
10.0,118,1.915991510348345e+20
10.0,119,1.9413087132965457e+20
10.0,120,1.9632852639927186e+20
10.0,121,1.982011833612398e+20
10.0,122,1.997585012516601e+20
10.0,123,2.010106219406163e+20
10.0,124,2.0196807226365788e+20
10.0,125,2.0264167635515664e+20
10.0,126,2.0304247725951222e+20
10.0,127,2.0318166697810428e+20
10.0,128,2.0307052418436756e+20
10.0,129,2.027203589071018e+20
10.0,130,2.0214246354376848e+20
10.0,131,2.0134806962162978e+20
10.0,132,2.0034830977568463e+20
10.0,133,1.9915418445890503e+20
10.0,134,1.9777653294269972e+20
10.0,135,1.9622600820421234e+20
10.0,136,1.945130553323378e+20
10.0,137,1.92647893116516e+20
10.0,138,1.9064049851174535e+20
10.0,139,1.8850059370005257e+20
10.0,140,1.8623763549315174e+20
10.0,141,1.8386080684337932e+20
10.0,142,1.8137901025042075e+20
10.0,143,1.7880086287001685e+20
10.0,144,1.7613469314789507e+20
10.0,145,1.733885388177767e+20
10.0,146,1.7057014611656632e+20
10.0,147,1.6768697008288065e+20
10.0,148,1.6474617581699436e+20
10.0,149,1.617546405912038e+20
10.0,150,1.5871895670958254e+20
10.0,151,1.5564543502524524e+20
10.0,152,1.525401090315856e+20
10.0,153,1.494087394516081e+20
10.0,154,1.462568192564653e+20
10.0,155,1.43089579050717e+20
10.0,156,1.3991199276768634e+20
10.0,157,1.3672878362364725e+20
10.0,158,1.3354443028448154e+20
10.0,159,1.3036317320292953e+20
10.0,160,1.2718902108866296e+20
10.0,161,1.240257574771584e+20
10.0,162,1.2087694736678325e+20
10.0,163,1.1774594389664118e+20
10.0,164,1.1463589504059017e+20
10.0,165,1.1154975029546245e+20
10.0,166,1.0849026734391483e+20
10.0,167,1.0546001867450974e+20
10.0,168,1.0246139814363021e+20
10.0,169,9.949662746564205e+19
10.0,170,9.656776261937586e+19
10.0,171,9.367670016051148e+19
10.0,172,9.082518343081902e+19
10.0,173,8.801480865646187e+19
10.0,174,8.524703092870552e+19
10.0,175,8.252317006140365e+19
10.0,176,7.984441632057431e+19
10.0,177,7.721183602222436e+19
10.0,178,7.462637699534994e+19
10.0,179,7.208887390773658e+19
10.0,180,6.960005345280921e+19
10.0,181,6.7160539396344816e+19
10.0,182,6.477085748237524e+19
10.0,183,6.24314401980584e+19
10.0,184,6.0142631397707596e+19
10.0,185,5.790469078653741e+19
10.0,186,5.571779826500379e+19
10.0,187,5.358205813491164e+19
10.0,188,5.149750316871558e+19
10.0,189,4.946409854366872e+19
10.0,190,4.748174564266646e+19
10.0,191,4.555028572381264e+19
10.0,192,4.366950346087743e+19
10.0,193,4.183913035695075e+19
10.0,194,4.00588480337006e+19
10.0,195,3.832829139873783e+19
10.0,196,3.6647051693667193e+19
10.0,197,3.501467942546408e+19
10.0,198,3.34306871838643e+19
10.0,199,3.1894552347493585e+19
10.0,200,3.040571968148673e+19
10.0,201,2.8963603829364507e+19
10.0,202,2.7567591701944033e+19
10.0,203,2.6217044766056317e+19
10.0,204,2.49113012358407e+19
10.0,205,2.3649678169370165e+19
10.0,206,2.2431473473342652e+19
10.0,207,2.125596781855173e+19
10.0,208,2.0122426468817924e+19
10.0,209,1.9030101026034078e+19
10.0,210,1.7978231093938889e+19
10.0,211,1.6966045863195271e+19
10.0,212,1.599276562031057e+19
10.0,213,1.5057603182889755e+19
10.0,214,1.4159765263668056e+19
10.0,215,1.329845376572415e+19
10.0,216,1.247286701122445e+19
10.0,217,1.1682200906000853e+19
10.0,218,1.0925650042214722e+19
10.0,219,1.0202408741306915e+19
10.0,220,9.51167203938507e+18
10.0,221,8.852636617145535e+18
10.0,222,8.224501676376776e+18
10.0,223,7.626469765039359e+18
10.0,224,7.057747552864719e+18
10.0,225,6.517546559365715e+18
10.0,226,6.00508383609888e+18
10.0,227,5.519582604968866e+18
10.0,228,5.060272854314608e+18
10.0,229,4.626391894468267e+18
10.0,230,4.2171848744277023e+18
10.0,231,3.8319052612360617e+18
10.0,232,3.4698152836138476e+18
10.0,233,3.1301863413426693e+18
10.0,234,2.8122993818528266e+18
10.0,235,2.5154452454233733e+18
10.0,236,2.2389249803572193e+18
10.0,237,1.9820501294518994e+18
10.0,238,1.744142989042875e+18
10.0,239,1.5245368418558743e+18
10.0,240,1.3225761648628134e+18
10.0,241,1.1376168132968795e+18
10.0,242,9.690261819433905e+17
10.0,243,8.16183344784524e+17
10.0,244,6.784791740397976e+17
10.0,245,5.553164396074335e+17
10.0,246,4.4610988987684243e+17
10.0,247,3.502863148482285e+17
10.0,248,2.6728459246164413e+17
10.0,249,1.965557190056459e+17
10.0,250,1.3756282444389082e+17
10.0,251,8.978117346740173e+16
10.0,252,5.26981530501908e+16
10.0,253,2.581324725708233e+16
10.0,254,8638000024193427.0
10.0,255,695966605259829.8
10.0,256,1522654350363421.0
10.0,257,1.0665453457823066e+16
10.0,258,2.7683558314992496e+16
10.0,259,5.21478800194588e+16
10.0,260,8.364095064856438e+16
10.0,261,1.217568198224786e+17
10.0,262,1.661009440838122e+17
10.0,263,2.1629006959555418e+17
10.0,264,2.7195210863822637e+17
10.0,265,3.327260103672617e+17
10.0,266,3.98261626272091e+17
10.0,267,4.6821957075970534e+17
10.0,268,5.4227107726738726e+17
10.0,269,6.200978502914867e+17
10.0,270,7.013919137026134e+17
1000.0,1,4.6998319868273554e+26
1000.0,2,1.1207776382920328e+26
1000.0,3,4.749990238778343e+25
1000.0,4,2.546986354991458e+25
1000.0,5,1.5533538129372697e+25
1000.0,6,1.0275922551879876e+25
1000.0,7,7.189288153784471e+24
1000.0,8,5.239656656604411e+24
1000.0,9,3.9394639726334327e+24
1000.0,10,3.0352621619782904e+24
1000.0,11,2.3851497219795653e+24
1000.0,12,1.904890322071558e+24
1000.0,13,1.5420540070480052e+24
1000.0,14,1.262705188101591e+24
1000.0,15,1.0441444062319243e+24
1000.0,16,8.707563514658689e+23
1000.0,17,7.3153611309318e+23
1000.0,18,6.185628479040003e+23
1000.0,19,5.2602894459298493e+23
1000.0,20,4.496058230065457e+23
1000.0,21,3.860197489255348e+23
1000.0,22,3.327620894782326e+23
1000.0,23,2.878876329477909e+23
1000.0,24,2.4987179949797165e+23
1000.0,25,2.1750797637581743e+23
1000.0,26,1.898326591037985e+23
1000.0,27,1.6607016257199216e+23
1000.0,28,1.4559130209407224e+23
1000.0,29,1.2788217773308347e+23
1000.0,30,1.1252035382717675e+23
1000.0,31,9.915651207121422e+22
1000.0,32,8.75001978945245e+22
1000.0,33,7.730865748397572e+22
1000.0,34,6.837802940744212e+22
1000.0,35,6.053634517707298e+22
1000.0,36,5.36379304974455e+22
1000.0,37,4.7558899104670275e+22
1000.0,38,4.21935047992973e+22
1000.0,39,3.745117197915993e+22
1000.0,40,3.325406592067031e+22
1000.0,41,2.9535094940548173e+22
1000.0,42,2.62362600385505e+22
1000.0,43,2.3307285580905236e+22
1000.0,44,2.070447841867876e+22
1000.0,45,1.8389773559828069e+22
1000.0,46,1.6329932877260262e+22
1000.0,47,1.4495869894874666e+22
1000.0,48,1.286207886639143e+22
1000.0,49,1.1406150462173904e+22
1000.0,50,1.0108359645681552e+22
1000.0,51,8.95131393560868e+21
1000.0,52,7.919652351815017e+21
1000.0,53,6.999787040590515e+21
1000.0,54,6.179680951214273e+21
1000.0,55,5.448656056332915e+21
1000.0,56,4.797227524458793e+21
1000.0,57,4.216960004055195e+21
1000.0,58,3.700342797008821e+21
1000.0,59,3.240681210012439e+21
1000.0,60,2.832001795607215e+21
1000.0,61,2.468969546463629e+21
1000.0,62,2.1468153998482248e+21
1000.0,63,1.861272654564945e+21
1000.0,64,1.6085211084198474e+21
1000.0,65,1.3851378972944965e+21
1000.0,66,1.1880541628175022e+21
1000.0,67,1.0145167989640141e+21
1000.0,68,8.620546324379283e+20
1000.0,69,7.2844848048341e+20
1000.0,70,6.117046053745611e+20
1000.0,71,5.1003114934843965e+20
1000.0,72,4.2181718892267464e+20
1000.0,73,3.456140948267395e+20
1000.0,74,2.8011892438586022e+20
1000.0,75,2.241596081411838e+20
1000.0,76,1.766817226173346e+20
1000.0,77,1.3673666717148581e+20
1000.0,78,1.0347108537671424e+20
1000.0,79,7.611739091279865e+19
1000.0,80,5.3985274888110604e+19
1000.0,81,3.6454086259707953e+19
1000.0,82,2.296598986317666e+19
1000.0,83,1.3019817771588698e+19
1000.0,84,6.165539497483794e+18
1000.0,85,1.9992851242171284e+18
1000.0,86,1.5886296651440163e+17
1000.0,87,3.19719954905534e+17
1000.0,88,2.1912987350563615e+18
1000.0,89,5.513750574428768e+18
1000.0,90,1.0054967664323015e+19
1000.0,91,1.5607902372167887e+19
1000.0,92,2.1988144503457972e+19
1000.0,93,2.9031730732594168e+19
1000.0,94,3.6593163107015037e+19
1000.0,95,4.454361596279049e+19
1000.0,96,5.276931275000056e+19
1000.0,97,6.117005618560127e+19
1000.0,98,6.965789685871047e+19
1000.0,99,7.81559269333879e+19
1000.0,100,8.659718694883998e+19
1000.0,101,9.49236749257983e+19
1000.0,102,1.0308544806725917e+20
1000.0,103,1.1103980830671892e+20
1000.0,104,1.1875056382027406e+20
1000.0,105,1.261873593920332e+20
1000.0,106,1.3332506921508838e+20
1000.0,107,1.4014324633180052e+20
1000.0,108,1.466256234750455e+20
1000.0,109,1.5275966057337625e+20
1000.0,110,1.5853613463375997e+20
1000.0,111,1.6394876812115876e+20
1000.0,112,1.6899389231945528e+20
1000.0,113,1.736701424873823e+20
1000.0,114,1.7797818191993055e+20
1000.0,115,1.8192045229359858e+20
1000.0,116,1.855009479157178e+20
1000.0,117,1.8872501171668402e+20
1000.0,118,1.9159915102155912e+20
1000.0,119,1.9413087131631695e+20
1000.0,120,1.963285263858955e+20
1000.0,121,1.9820118334784753e+20
1000.0,122,1.9975850123827318e+20
1000.0,123,2.01010621927255e+20
1000.0,124,2.019680722503412e+20
1000.0,125,2.026416763419024e+20
1000.0,126,2.030424772463373e+20
1000.0,127,2.0318166696502408e+20
1000.0,128,2.030705241713966e+20
1000.0,129,2.0272035889425357e+20
1000.0,130,2.0214246353105548e+20
1000.0,131,2.013480696090633e+20
1000.0,132,2.0034830976327533e+20
1000.0,133,1.9915418444666238e+20
1000.0,134,1.9777653293063258e+20
1000.0,135,1.9622600819232847e+20
1000.0,136,1.9451305532064432e+20
1000.0,137,1.9264789310501913e+20
1000.0,138,1.906404985004507e+20
1000.0,139,1.8850059368896502e+20
1000.0,140,1.862376354822756e+20
1000.0,141,1.838608068327182e+20
1000.0,142,1.8137901023997752e+20
1000.0,143,1.7880086285979402e+20
1000.0,144,1.7613469313789464e+20
1000.0,145,1.7338853880800012e+20
1000.0,146,1.7057014610701448e+20
1000.0,147,1.676869700735542e+20
1000.0,148,1.6474617580789337e+20
1000.0,149,1.6175464058232806e+20
1000.0,150,1.587189567009314e+20
1000.0,151,1.556454350168178e+20
1000.0,152,1.525401090233807e+20
1000.0,153,1.4940873944362418e+20
1000.0,154,1.4625681924870052e+20
1000.0,155,1.430895790431693e+20
1000.0,156,1.3991199276035365e+20
1000.0,157,1.36728783616527e+20
1000.0,158,1.3354443027757115e+20
1000.0,159,1.3036317319622613e+20
1000.0,160,1.2718902108216368e+20
1000.0,161,1.2402575747086012e+20
1000.0,162,1.2087694736068277e+20
1000.0,163,1.1774594389073517e+20
1000.0,164,1.146358950348752e+20
1000.0,165,1.1154975028993506e+20
1000.0,166,1.0849026733857142e+20
1000.0,167,1.054600186693467e+20
1000.0,168,1.0246139813864381e+20
1000.0,169,9.949662746082858e+19
1000.0,170,9.65677626147316e+19
1000.0,171,9.36767001560326e+19
1000.0,172,9.08251834265017e+19
1000.0,173,8.801480865230237e+19
1000.0,174,8.524703092469991e+19
1000.0,175,8.252317005754822e+19
1000.0,176,7.984441631686525e+19
1000.0,177,7.721183601865782e+19
1000.0,178,7.46263769919222e+19
1000.0,179,7.208887390444386e+19
1000.0,180,6.960005344964788e+19
1000.0,181,6.716053939331113e+19
1000.0,182,6.477085747946557e+19
1000.0,183,6.243144019526916e+19
1000.0,184,6.014263139503522e+19
1000.0,185,5.790469078397837e+19
1000.0,186,5.571779826255462e+19
1000.0,187,5.3582058132568965e+19
1000.0,188,5.149750316647601e+19
1000.0,189,4.946409854152897e+19
1000.0,190,4.748174564062327e+19
1000.0,191,4.5550285721862816e+19
1000.0,192,4.366950345901785e+19
1000.0,193,4.183913035517835e+19
1000.0,194,4.005884803201237e+19
1000.0,195,3.8328291397130805e+19
1000.0,196,3.6647051692138496e+19
1000.0,197,3.5014679424010904e+19
1000.0,198,3.3430687182483874e+19
1000.0,199,3.1894552346183205e+19
1000.0,200,3.0405719680243757e+19
1000.0,201,2.8963603828186386e+19
1000.0,202,2.7567591700828238e+19
1000.0,203,2.6217044765000413e+19
1000.0,204,2.4911301234842305e+19
1000.0,205,2.3649678168426955e+19
1000.0,206,2.2431473472452362e+19
1000.0,207,2.125596781771218e+19
1000.0,208,2.012242646802696e+19
1000.0,209,1.903010102528964e+19
1000.0,210,1.7978231093238942e+19
1000.0,211,1.6966045862537863e+19
1000.0,212,1.5992765619693801e+19
1000.0,213,1.5057603182311776e+19
1000.0,214,1.415976526312708e+19
1000.0,215,1.3298453765218445e+19
1000.0,216,1.2472867010752328e+19
1000.0,217,1.1682200905560707e+19
1000.0,218,1.0925650041804964e+19
1000.0,219,1.020240874092603e+19
1000.0,220,9.511672039031583e+18
1000.0,221,8.852636616818033e+18
1000.0,222,8.224501676073879e+18
1000.0,223,7.626469764759749e+18
1000.0,224,7.057747552607113e+18
1000.0,225,6.517546559128883e+18
1000.0,226,6.005083835881638e+18
1000.0,227,5.519582604770065e+18
1000.0,228,5.060272854133149e+18
1000.0,229,4.626391894303093e+18
1000.0,230,4.217184874277793e+18
1000.0,231,3.8319052611004365e+18
1000.0,232,3.469815283491569e+18
1000.0,233,3.130186341232831e+18
1000.0,234,2.8122993817545646e+18
1000.0,235,2.5154452453358577e+18
1000.0,236,2.2389249802796544e+18
1000.0,237,1.982050129383523e+18
1000.0,238,1.744142988982959e+18
1000.0,239,1.5245368418037215e+18
1000.0,240,1.3225761648177582e+18
1000.0,241,1.1376168132582857e+18
1000.0,242,9.690261819106522e+17
1000.0,243,8.161833447570627e+17
1000.0,244,6.784791740170632e+17
1000.0,245,5.553164395889019e+17
1000.0,246,4.4610988986201574e+17
1000.0,247,3.502863148366336e+17
1000.0,248,2.6728459245283248e+17
1000.0,249,1.96555718999192e+17
1000.0,250,1.37562824439392e+17
1000.0,251,8.978117346447725e+16
1000.0,252,5.269815304848104e+16
1000.0,253,2.5813247256248148e+16
1000.0,254,8638000023915382.0
1000.0,255,695966605237515.5
1000.0,256,1522654350314792.0
1000.0,257,1.0665453457483764e+16
1000.0,258,2.7683558314115204e+16
1000.0,259,5.214788001781261e+16
1000.0,260,8.364095064593419e+16
1000.0,261,1.2175681981866445e+17
1000.0,262,1.6610094407862896e+17
1000.0,263,2.1629006958883024e+17
1000.0,264,2.719521086298041e+17
1000.0,265,3.327260103569962e+17
1000.0,266,3.9826162625984966e+17
1000.0,267,4.682195707453677e+17
1000.0,268,5.4227107725084397e+17
1000.0,269,6.200978502726395e+17
1000.0,270,7.013919136813743e+17
1000000.0,1,4.661637275881489e+26
1000000.0,2,1.1162095207493178e+26
1000000.0,3,4.737070245802767e+25
1000000.0,4,2.5417878426748056e+25
1000000.0,5,1.5508166646139874e+25
1000000.0,6,1.0261933001858611e+25
1000000.0,7,7.180897701150725e+24
1000000.0,8,5.23430537370777e+24
1000000.0,9,3.9358873208377954e+24
1000000.0,10,3.0327818413603276e+24
1000000.0,11,2.3833777421365277e+24
1000000.0,12,1.9035930092388184e+24
1000000.0,13,1.5410845484142808e+24
1000000.0,14,1.261968028361118e+24
1000000.0,15,1.0435754620446558e+24
1000000.0,16,8.703115275595166e+23
1000000.0,17,7.311843841645437e+23
1000000.0,18,6.182819546765151e+23
1000000.0,19,5.2580263979187485e+23
1000000.0,20,4.4942206483298805e+23
1000000.0,21,3.858694896457373e+23
1000000.0,22,3.326384469152273e+23
1000000.0,23,2.877853137156145e+23
1000000.0,24,2.4978669099995513e+23
1000000.0,25,2.174368539533251e+23
1000000.0,26,1.897729730259058e+23
1000000.0,27,1.6601988120248578e+23
1000000.0,28,1.4554879512172786e+23
1000000.0,29,1.278461283299533e+23
1000000.0,30,1.124896919352698e+23
1000000.0,31,9.91303632855678e+22
1000000.0,32,8.74778439731786e+22
1000000.0,33,7.728950560560627e+22
1000000.0,34,6.83615880670694e+22
1000000.0,35,6.052220515955812e+22
1000000.0,36,5.362574976453733e+22
1000000.0,37,4.754839071966427e+22
1000000.0,38,4.21844272251279e+22
1000000.0,39,3.7443321242608957e+22
1000000.0,40,3.32472692524999e+22
1000000.0,41,2.9529205589483654e+22
1000000.0,42,2.6231153023806305e+22
1000000.0,43,2.3302854198878867e+22
1000000.0,44,2.0700631358541174e+22
1000000.0,45,1.8386432512942238e+22
1000000.0,46,1.6327030548824966e+22
1000000.0,47,1.449334834452118e+22
1000000.0,48,1.2859888118855377e+22
1000000.0,49,1.1404247340525399e+22
1000000.0,50,1.0106706788605994e+22
1000000.0,51,8.949878967407389e+21
1000000.0,52,7.918407179537494e+21
1000000.0,53,6.998707257324074e+21
1000000.0,54,6.178745328278801e+21
1000000.0,55,5.447846110142765e+21
1000000.0,56,4.796527146263716e+21
1000000.0,57,4.2163551427706025e+21
1000000.0,58,3.6998211869812237e+21
1000000.0,59,3.2402321369090794e+21
1000000.0,60,2.831615894725154e+21
1000000.0,61,2.4686386286677244e+21
1000000.0,62,2.146532301104918e+21
1000000.0,63,1.8610311056682058e+21
1000000.0,64,1.608315622030168e+21
1000000.0,65,1.3849636698500102e+21
1000000.0,66,1.1879069892433e+21
1000000.0,67,1.0143929984138814e+21
1000000.0,68,8.619509835620482e+20
1000000.0,69,7.28362164934315e+20
1000000.0,70,6.116331584485297e+20
1000000.0,71,5.099724168161781e+20
1000000.0,72,4.217692892361153e+20
1000000.0,73,3.455753860018844e+20
1000000.0,74,2.8008797495800735e+20
1000000.0,75,2.241351716711755e+20
1000000.0,76,1.7666271529786792e+20
1000000.0,77,1.3672214814285462e+20
1000000.0,78,1.0346023941312584e+20
1000000.0,79,7.610951318492665e+19
1000000.0,80,5.3979757545873785e+19
1000000.0,81,3.6450406612324905e+19
1000000.0,82,2.2963699962096198e+19
1000000.0,83,1.3018535226593448e+19
1000000.0,84,6.164939377654474e+18
1000000.0,85,1.9990928139988672e+18
1000000.0,86,1.588478632393004e+17
1000000.0,87,3.1968990813761165e+17
1000000.0,88,2.191095140324641e+18
1000000.0,89,5.513244044548649e+18
1000000.0,90,1.0054054210786882e+19
1000000.0,91,1.5606500037194418e+19
1000000.0,92,2.198619039038177e+19
1000000.0,93,2.902917838848665e+19
1000000.0,94,3.6589980216869937e+19
1000000.0,95,4.453978231938195e+19
1000000.0,96,5.276481846771431e+19
1000000.0,97,6.116490013022462e+19
1000000.0,98,6.9652085268409156e+19
1000000.0,99,7.814947220895135e+19
1000000.0,100,8.659010659379297e+19
1000000.0,101,9.491599061919438e+19
1000000.0,102,1.0307718485392938e+20
1000000.0,103,1.1103099389147804e+20
1000000.0,104,1.1874122795411546e+20
1000000.0,105,1.261775333396943e+20
1000000.0,106,1.3331478529456543e+20
1000000.0,107,1.4013253751745004e+20
1000000.0,108,1.4661452305684896e+20
1000000.0,109,1.527482018657765e+20
1000000.0,110,1.5852435072821468e+20
1000000.0,111,1.6393669167721375e+20
1000000.0,112,1.6898155538971945e+20
1000000.0,113,1.73657576372304e+20
1000000.0,114,1.779654170487339e+20
1000000.0,115,1.8190751812814612e+20
1000000.0,116,1.854878728744286e+20
1000000.0,117,1.8871182311596003e+20
1000000.0,118,1.9158587503245804e+20
1000000.0,119,1.9411753293446762e+20
1000000.0,120,1.9631514941287737e+20
1000000.0,121,1.981877903824595e+20
1000000.0,122,1.9974511367629763e+20
1000000.0,123,2.009972599684824e+20
1000000.0,124,2.0195475491176468e+20
1000000.0,125,2.0262842147611915e+20
1000000.0,126,2.030293015643062e+20
1000000.0,127,2.0316858606243152e+20
1000000.0,128,2.0305755255797023e+20
1000000.0,129,2.0270751002544675e+20
1000000.0,130,2.0212974984159376e+20
1000000.0,131,2.013355025479096e+20
1000000.0,132,2.0033589982962542e+20
1000000.0,133,1.9914194122663435e+20
1000000.0,134,1.9776446513435614e+20
1000000.0,135,1.9621412369118233e+20
1000000.0,136,1.945013611844222e+20
1000000.0,137,1.9263639563883862e+20
1000000.0,138,1.9062920328124527e+20
1000000.0,139,1.884895056014242e+20
1000000.0,140,1.862267587541211e+20
1000000.0,141,1.8385014506922066e+20
1000000.0,142,1.8136856645763855e+20
1000000.0,143,1.7879063951912937e+20
1000000.0,144,1.7612469217527067e+20
1000000.0,145,1.7337876166648545e+20
1000000.0,146,1.705605937662188e+20
1000000.0,147,1.6767764307843577e+20
1000000.0,148,1.647370742965239e+20
1000000.0,149,1.6174576431260972e+20
1000000.0,150,1.5871030507626765e+20
1000000.0,151,1.5563700711074375e+20
1000000.0,152,1.525319036031633e+20
1000000.0,153,1.494007549928457e+20
1000000.0,154,1.462490539888426e+20
1000000.0,155,1.4308203095421667e+20
1000000.0,156,1.399046596004388e+20
1000000.0,157,1.3672166294063935e+20
1000000.0,158,1.3353751945535513e+20
1000000.0,159,1.3035646942889355e+20
1000000.0,160,1.271825214185467e+20
1000000.0,161,1.2401945882263283e+20
1000000.0,162,1.208708465167774e+20
1000000.0,163,1.1774003753098132e+20
1000000.0,164,1.1463017974288948e+20
1000000.0,165,1.1154422256528882e+20
1000000.0,166,1.0848492360826362e+20
1000000.0,167,1.0545485529860945e+20
1000000.0,168,1.0245641144110671e+20
1000000.0,169,9.949181370806849e+19
1000000.0,170,9.65631180452333e+19
1000000.0,171,9.367222098358583e+19
1000000.0,172,9.082086584805877e+19
1000000.0,173,8.801064885532038e+19
1000000.0,174,8.524302509399125e+19
1000000.0,175,8.25193143816613e+19
1000000.0,176,7.984070699401819e+19
1000000.0,177,7.72082692622456e+19
1000000.0,178,7.462294903561832e+19
1000000.0,179,7.208558100691632e+19
1000000.0,180,6.959689189890823e+19
1000000.0,181,6.715750551071591e+19
1000000.0,182,6.476794762338688e+19
1000000.0,183,6.242865076445254e+19
1000000.0,184,6.013995883166038e+19
1000000.0,185,5.7902131576439415e+19
1000000.0,186,5.5715348947974234e+19
1000000.0,187,5.3579715299061694e+19
1000000.0,188,5.149526345517427e+19
1000000.0,189,4.9461958648385315e+19
1000000.0,190,4.7479702318001594e+19
1000000.0,191,4.55483357799309e+19
1000000.0,192,4.366764376695277e+19
1000000.0,193,4.183735784219617e+19
1000000.0,194,4.005715968823254e+19
1000000.0,195,3.832668427428568e+19
1000000.0,196,3.6645522904137564e+19
1000000.0,197,3.5013226147368956e+19
1000000.0,198,3.342930665662221e+19
1000000.0,199,3.189324187361187e+19
1000000.0,200,3.0404476626633134e+19
1000000.0,201,2.896242562233563e+19
1000000.0,202,2.7566475834537824e+19
1000000.0,203,2.6215988792855548e+19
1000000.0,204,2.49103027739139e+19
1000000.0,205,2.3648734897896255e+19
1000000.0,206,2.2430583133165072e+19
1000000.0,207,2.1255128211667747e+19
1000000.0,208,2.0121635457808237e+19
1000000.0,209,1.902935653343786e+19
1000000.0,210,1.7977531101578912e+19
1000000.0,211,1.6965388411457587e+19
1000000.0,212,1.5992148807383e+19
1000000.0,213,1.5057025163963148e+19
1000000.0,214,1.4159224250104089e+19
1000000.0,215,1.3297948024193245e+19
1000000.0,216,1.2472394862817116e+19
1000000.0,217,1.1681760725315615e+19
1000000.0,218,1.092524025642563e+19
1000000.0,219,1.0202027829213397e+19
1000000.0,220,9.511318530446742e+18
1000000.0,221,8.852309090504476e+18
1000000.0,222,8.22419875986949e+18
1000000.0,223,7.626190134200693e+18
1000000.0,224,7.057489929925661e+18
1000000.0,225,6.517309712247022e+18
1000000.0,226,6.004866577402296e+18
1000000.0,227,5.519383790967552e+18
1000000.0,228,5.060091383944348e+18
1000000.0,229,4.626226708320843e+18
1000000.0,230,4.2170349537478124e+18
1000000.0,231,3.831769626922957e+18
1000000.0,232,3.4696929952288625e+18
1000000.0,233,3.130076496123676e+18
1000000.0,234,2.812201113736597e+18
1000000.0,235,2.5153577240767227e+18
1000000.0,236,2.2388474102177592e+18
1000000.0,237,1.9819817487791427e+18
1000000.0,238,1.7440830689803814e+18
1000000.0,239,1.524484685505043e+18
1000000.0,240,1.3225311063688914e+18
1000000.0,241,1.1375782169476906e+18
1000000.0,242,9.689934412812351e+17
1000000.0,243,8.161558817316524e+17
1000000.0,244,6.784564380378145e+17
1000000.0,245,5.552979067709468e+17
1000000.0,246,4.460950621616289e+17
1000000.0,247,3.5027471923414554e+17
1000000.0,248,2.6727578015049075e+17
1000000.0,249,1.9654926463412906e+17
1000000.0,250,1.375583253118322e+17
1000000.0,251,8.97782487812841e+16
1000000.0,252,5.269644318211653e+16
1000000.0,253,2.5812413019190884e+16
1000000.0,254,8637721958559810.0
1000000.0,255,695944289273075.6
1000000.0,256,1522605717563109.0
1000000.0,257,1.0665114134151952e+16
1000000.0,258,2.7682680970405016e+16
1000000.0,259,5.214623373480813e+16
1000000.0,260,8.363832029767512e+16
1000000.0,261,1.2175300546929704e+17
1000000.0,262,1.660957603945138e+17
1000000.0,263,2.1628334526547347e+17
1000000.0,264,2.7194368583346643e+17
1000000.0,265,3.327157441808261e+17
1000000.0,266,3.982493841943737e+17
1000000.0,267,4.682052321631671e+17
1000000.0,268,5.422545329052347e+17
1000000.0,269,6.200790018101682e+17
1000000.0,270,7.013706731679352e+17
1000000000.0,1,2.8104331668791603e+19
1000000000.0,2,2.6795261492115665e+19
1000000000.0,3,2.5538856759287263e+19
1000000000.0,4,2.4333274399312105e+19
1000000000.0,5,2.3176728212938564e+19
1000000000.0,6,2.206748730502383e+19
1000000000.0,7,2.1003874555940057e+19
1000000000.0,8,1.9984265131134108e+19
1000000000.0,9,1.9007085027972346e+19
1000000000.0,10,1.807080965901982e+19
1000000000.0,11,1.7173962470921994e+19
1000000000.0,12,1.6315113598073717e+19
1000000000.0,13,1.549287855027747e+19
1000000000.0,14,1.4705916933610461e+19
1000000000.0,15,1.3952931203735282e+19
1000000000.0,16,1.3232665450906384e+19
1000000000.0,17,1.254390421593947e+19
1000000000.0,18,1.188547133642695e+19
1000000000.0,19,1.125622882249759e+19
1000000000.0,20,1.0655075761433635e+19
1000000000.0,21,1.0080947250473046e+19
1000000000.0,22,9.53281335713908e+18
1000000000.0,23,9.009678106453341e+18
1000000000.0,24,8.510578494402356e+18
1000000000.0,25,8.034583527041103e+18
1000000000.0,26,7.580793284630236e+18
1000000000.0,27,7.148338010216789e+18
1000000000.0,28,6.736377222080723e+18
1000000000.0,29,6.344098849482297e+18
1000000000.0,30,5.970718391157407e+18
1000000000.0,31,5.615478096019937e+18
1000000000.0,32,5.277646165542151e+18
1000000000.0,33,4.956515977295293e+18
1000000000.0,34,4.651405329144247e+18
1000000000.0,35,4.361655703600789e+18
1000000000.0,36,4.0866315518510863e+18
1000000000.0,37,3.8257195969835213e+18
1000000000.0,38,3.5783281559533435e+18
1000000000.0,39,3.3438864798309627e+18
1000000000.0,40,3.1218441118905165e+18
1000000000.0,41,2.9116702631052093e+18
1000000000.0,42,2.7128532046255155e+18
1000000000.0,43,2.5248996768256466e+18
1000000000.0,44,2.3473343145129713e+18
1000000000.0,45,2.179699087904043e+18
1000000000.0,46,2.0215527589796447e+18
1000000000.0,47,1.8724703528401155e+18
1000000000.0,48,1.7320426436903841e+18
1000000000.0,49,1.5998756550927145e+18
1000000000.0,50,1.4755901741331354e+18
1000000000.0,51,1.358821279155501e+18
1000000000.0,52,1.2492178807249933e+18
1000000000.0,53,1.1464422754903845e+18
1000000000.0,54,1.0501697126220207e+18
1000000000.0,55,9.60087972509621e+17
1000000000.0,56,8.758969574113339e+17
1000000000.0,57,7.973082937523552e+17
1000000000.0,58,7.240449457784161e+17
1000000000.0,59,6.558408402760937e+17
1000000000.0,60,5.924405020785125e+17
1000000000.0,61,5.3359870008148595e+17
1000000000.0,62,4.7908010350143277e+17
1000000000.0,63,4.2865894811257696e+17
1000000000.0,64,3.821187122070486e+17
1000000000.0,65,3.392518020273762e+17
1000000000.0,66,2.998592464266952e+17
1000000000.0,67,2.637504005176699e+17
1000000000.0,68,2.3074265807668573e+17
1000000000.0,69,2.0066117247531142e+17
1000000000.0,70,1.7333858591636234e+17
1000000000.0,71,1.4861476675711334e+17
1000000000.0,72,1.2633655470729514e+17
1000000000.0,73,1.0635751369452571e+17
1000000000.0,74,8.853769219470432e+16
1000000000.0,75,7.274339082967742e+16
1000000000.0,76,5.884693703917546e+16
1000000000.0,77,4.67264666385835e+16
1000000000.0,78,3.626571207861284e+16
1000000000.0,79,2.7353797227309284e+16
1000000000.0,80,1.9885038499122504e+16
1000000000.0,81,1.3758752159974642e+16
1000000000.0,82,8879067641353432.0
1000000000.0,83,5154746700492023.0
1000000000.0,84,2499008267604952.5
1000000000.0,85,829358825017745.1
1000000000.0,86,67428166769724.03
1000000000.0,87,138810390957885.42
1000000000.0,88,972909980682285.2
1000000000.0,89,2502792832974169.5
1000000000.0,90,4665042098528128.0
1000000000.0,91,7399618698424477.0
1000000000.0,92,1.0649726387319544e+16
1000000000.0,93,1.4361681235798948e+16
1000000000.0,94,1.848478540773535e+16
1000000000.0,95,2.2971205111569216e+16
1000000000.0,96,2.7775852607438268e+16
1000000000.0,97,3.285627215502493e+16
1000000000.0,98,3.817252978986062e+16
1000000000.0,99,4.368710681864584e+16
1000000000.0,100,4.9364796926878136e+16
1000000000.0,101,5.517260679478697e+16
1000000000.0,102,6.1079660120172856e+16
1000000000.0,103,6.705710494934411e+16
1000000000.0,104,7.307802421982203e+16
1000000000.0,105,7.911734942096504e+16
1000000000.0,106,8.515177728103112e+16
1000000000.0,107,9.115968939156426e+16
1000000000.0,108,9.712107468225106e+16
1000000000.0,109,1.0301745466165437e+17
1000000000.0,110,1.0883181134139314e+17
1000000000.0,111,1.145485177634865e+17
1000000000.0,112,1.2015327105265317e+17
1000000000.0,113,1.2563302791740438e+17
1000000000.0,114,1.3097594252574157e+17
1000000000.0,115,1.3617130668323475e+17
1000000000.0,116,1.4120949224313338e+17
1000000000.0,117,1.4608189568002966e+17
1000000000.0,118,1.5078088476040013e+17
1000000000.0,119,1.5529974724511485e+17
1000000000.0,120,1.59632641560737e+17
1000000000.0,121,1.6377454937811968e+17
1000000000.0,122,1.6772123003844336e+17
1000000000.0,123,1.714691767684643e+17
1000000000.0,124,1.750155746282902e+17
1000000000.0,125,1.7835826013654813e+17
1000000000.0,126,1.8149568251929965e+17
1000000000.0,127,1.8442686653051414e+17
1000000000.0,128,1.8715137679334224e+17
1000000000.0,129,1.8966928361281587e+17
1000000000.0,130,1.9198113021196522e+17
1000000000.0,131,1.940879013446594e+17
1000000000.0,132,1.959909932397784e+17
1000000000.0,133,1.9769218483257786e+17
1000000000.0,134,1.991936102403421e+17
1000000000.0,135,2.0049773244062186e+17
1000000000.0,136,2.0160731811152426e+17
1000000000.0,137,2.025254135946598e+17
1000000000.0,138,2.0325532194247654e+17
1000000000.0,139,2.0380058101278566e+17
1000000000.0,140,2.0416494257435382e+17
1000000000.0,141,2.043523523884661e+17
1000000000.0,142,2.0436693123237005e+17
1000000000.0,143,2.042129568315022e+17
1000000000.0,144,2.038948466683462e+17
1000000000.0,145,2.034171416367178e+17
1000000000.0,146,2.0278449051117267e+17
1000000000.0,147,2.020016352021313e+17
1000000000.0,148,2.0107339676817104e+17
1000000000.0,149,2.0000466215778774e+17
1000000000.0,150,1.9880037165374707e+17
1000000000.0,151,1.974655069939487e+17
1000000000.0,152,1.960050801435084e+17
1000000000.0,153,1.944241226935208e+17
1000000000.0,154,1.9272767586271274e+17
1000000000.0,155,1.9092078107891405e+17
1000000000.0,156,1.8900847111797834e+17
1000000000.0,157,1.8699576177847382e+17
1000000000.0,158,1.848876440711287e+17
1000000000.0,159,1.8268907690266707e+17
1000000000.0,160,1.8040498023430406e+17
1000000000.0,161,1.7804022869578746e+17
1000000000.0,162,1.7559964563646995e+17
1000000000.0,163,1.7308799759548288e+17
1000000000.0,164,1.7050998917365094e+17
1000000000.0,165,1.678702582903389e+17
1000000000.0,166,1.6517337180896477e+17
1000000000.0,167,1.6242382151543206e+17
1000000000.0,168,1.5962602043425168e+17
1000000000.0,169,1.5678429946761168e+17
1000000000.0,170,1.5390290434314502e+17
1000000000.0,171,1.5098599285660858e+17
1000000000.0,172,1.480376323961483e+17
1000000000.0,173,1.450617977352664e+17
1000000000.0,174,1.4206236908204245e+17
1000000000.0,175,1.3904313037257712e+17
1000000000.0,176,1.3600776779703933e+17
1000000000.0,177,1.3295986854709163e+17
1000000000.0,178,1.2990291977385838e+17
1000000000.0,179,1.2684030774597293e+17
1000000000.0,180,1.2377531719761066e+17
1000000000.0,181,1.2071113085675989e+17
1000000000.0,182,1.176508291443393e+17
1000000000.0,183,1.1459739003509432e+17
1000000000.0,184,1.1155368907153437e+17
1000000000.0,185,1.085224995224934e+17
1000000000.0,186,1.0550649267819277e+17
1000000000.0,187,1.025082382739906e+17
1000000000.0,188,9.953020503528936e+16
1000000000.0,189,9.657476133635483e+16
1000000000.0,190,9.364417596606542e+16
1000000000.0,191,9.074061899388722e+16
1000000000.0,192,8.786616272961427e+16
1000000000.0,193,8.502278277067098e+16
1000000000.0,194,8.221235913101173e+16
1000000000.0,195,7.94366774458848e+16
1000000000.0,196,7.669743024695955e+16
1000000000.0,197,7.399621830253342e+16
1000000000.0,198,7.133455201774614e+16
1000000000.0,199,6.871385288994149e+16
1000000000.0,200,6.613545501451135e+16
1000000000.0,201,6.360060663675551e+16
1000000000.0,202,6.11104717454765e+16
1000000000.0,203,5.866613170421084e+16
1000000000.0,204,5.626858691617707e+16
1000000000.0,205,5.391875851918991e+16
1000000000.0,206,5.161749010695445e+16
1000000000.0,207,4.936554947331876e+16
1000000000.0,208,4.7163630376211656e+16
1000000000.0,209,4.501235431815055e+16
1000000000.0,210,4.29122723403421e+16
1000000000.0,211,4.0863866827541464e+16
1000000000.0,212,3.886755332097506e+16
1000000000.0,213,3.69236823367571e+16
1000000000.0,214,3.5032541187359596e+16
1000000000.0,215,3.3194355803820456e+16
1000000000.0,216,3.1409292556488256e+16
1000000000.0,217,2.9677460072219388e+16
1000000000.0,218,2.7998911046053976e+16
1000000000.0,219,2.637364404550059e+16
1000000000.0,220,2.480160530566669e+16
1000000000.0,221,2.328269051356764e+16
1000000000.0,222,2.181674658004432e+16
1000000000.0,223,2.0403573397812776e+16
1000000000.0,224,1.9042925584253936e+16
1000000000.0,225,1.7734514207644026e+16
1000000000.0,226,1.6478008495602486e+16
1000000000.0,227,1.527303752461781e+16
1000000000.0,228,1.4119191889585782e+16
1000000000.0,229,1.3016025352371106e+16
1000000000.0,230,1.1963056468471346e+16
1000000000.0,231,1.0959770190932432e+16
1000000000.0,232,1.0005619450729632e+16
1000000000.0,233,9100026712891948.0
1000000000.0,234,8242385507705896.0
1000000000.0,235,7432061936397162.0
1000000000.0,236,6668396150739491.0
1000000000.0,237,5950703806097978.0
1000000000.0,238,5278277487461641.0
1000000000.0,239,4650388108073131.0
1000000000.0,240,4066286280306911.0
1000000000.0,241,3525203658494926.5
1000000000.0,242,3026354253441519.5
1000000000.0,243,2568935718409236.5
1000000000.0,244,2152130606398901.5
1000000000.0,245,1775107598583241.0
1000000000.0,246,1437022703790295.0
1000000000.0,247,1137020428967254.8
1000000000.0,248,874234920587401.6
1000000000.0,249,647791076994869.1
1000000000.0,250,456805631711125.9
1000000000.0,251,300388207755692.6
1000000000.0,252,177642343059985.66
1000000000.0,253,87666487079242.36
1000000000.0,254,29554968731110.79
1000000000.0,255,2398935812735.6807
1000000000.0,256,5287266069701.292
1000000000.0,257,37307450110662.48
1000000000.0,258,97546446380838.42
1000000000.0,259,185091508425810.0
1000000000.0,260,299030984694035.8
1000000000.0,261,438455091142961.3
1000000000.0,262,602456656928180.8
1000000000.0,263,790131843469889.8
1000000000.0,264,1000580837203468.0
1000000000.0,265,1232908516333912.8
1000000000.0,266,1486225091924901.2
1000000000.0,267,1759646723664028.8
1000000000.0,268,2052296110655952.8
1000000000.0,269,2363303057603159.5
1000000000.0,270,2691805016744251.0
